22767.0,3.0,0,1627.279759619692
23114.0,7.0,0,1559.88310202266
22932.0,7.0,0,1530.5434461903183
22953.0,7.0,0,1549.9226287285608
22752.0,2.0,0,1776.5407792001852
22799.0,7.0,0,1525.4988245535087
22743.0,7.0,0,1656.3995909074208
23142.0,7.0,0,1527.0978649800597
22803.0,4.0,0,1525.271609786608
22829.0,2.0,0,1595.7241031904964
22913.0,2.0,0,1606.3901583385466
22711.0,3.0,0,1590.0368426318055
23117.0,3.0,0,1635.8088053706595
22910.0,6.0,0,1571.7216615436323
23003.0,8.0,0,1800.5883534987133
23087.0,8.0,0,1693.6561222386435
23109.0,2.0,0,1653.6244384637012
22733.0,4.0,0,1570.5115426662137
22763.0,6.0,0,1592.252386038698
22758.0,8.0,0,1522.5059435099997
23134.0,6.0,0,1500.8224976479364
22706.0,5.0,0,1900.0370383017023
22831.0,4.0,0,1609.4624700592503
22715.0,7.0,0,1659.0840999945433
23033.0,3.0,0,1592.837590932776
22787.0,2.0,0,1669.7152875753509
23026.0,3.0,0,1588.2930716634032
22989.0,8.0,0,1551.000193033219
23073.0,8.0,0,1588.8715165725785
22890.0,7.0,0,1560.855448105921
23023.0,7.0,0,1625.4440287281673
23111.0,4.0,0,1584.6700580969375
22780.0,2.0,0,1606.985400089785
22783.0,5.0,0,1577.7767811914227
22883.0,7.0,0,1597.7450225250207
23048.0,4.0,0,1537.5599584244892
22834.0,7.0,0,1644.1780415619742
22931.0,6.0,0,1547.8138801583095
22934.0,2.0,0,1709.7701081116995
22938.0,6.0,0,1597.0418136843575
23094.0,8.0,0,1723.3940327243058
22791.0,6.0,0,1526.831104296573
22825.0,5.0,0,1553.7940435652936
22812.0,6.0,0,1529.6715117718852
22760.0,3.0,0,1620.777381503811
23135.0,7.0,0,1585.057602081066
22830.0,3.0,0,1525.9757978119424
22736.0,7.0,0,1641.6026473208622
22709.0,8.0,0,1719.8128880440868
22903.0,6.0,0,1557.4509827257739
22961.0,8.0,0,1693.9242480095681
22906.0,2.0,0,1692.0616168755312
22746.0,3.0,0,1537.2490891435682
23115.0,8.0,0,1735.7685311779362
22991.0,3.0,0,1567.7825395174916
22804.0,5.0,0,1530.0906126884502
22785.0,7.0,0,1557.3037536265617
23107.0,7.0,0,1579.7397719160094
22847.0,6.0,0,1601.7751027258678
23017.0,8.0,0,1740.430955144449
23076.0,4.0,0,1530.4777890714079
23075.0,3.0,0,1612.9696546386808
22774.0,3.0,0,1570.6232349401976
23113.0,6.0,0,1501.421850959952
23001.0,6.0,0,1538.180356508225
22742.0,6.0,0,1610.8180293779262
23021.0,5.0,0,1572.5056662050988
23112.0,5.0,0,1556.5460190027584
22907.0,3.0,0,1547.7307708259018
23010.0,8.0,0,1583.0465072693237
23123.0,2.0,0,1714.772223387643
22713.0,5.0,0,1665.3217616846373
22741.0,5.0,0,1600.433765704237
23127.0,6.0,0,1570.2211321289105
23144.0,2.0,0,1511.3573865990854
22871.0,2.0,0,1662.1582773429864
22923.0,5.0,0,1491.5099607244852
22818.0,5.0,0,1515.7104882377776
22719.0,4.0,0,1652.7790711748428
22759.0,2.0,0,1605.1944128798011
23047.0,3.0,0,1540.3495664878924
22809.0,3.0,0,1579.778746138652
23137.0,2.0,0,1742.7374536884822
23129.0,8.0,0,1705.1381416447475
22942.0,3.0,0,1550.0413306599974
22933.0,8.0,0,1573.6900526426384
22916.0,5.0,0,1503.211434771015
23044.0,7.0,0,1540.3642520993158
22814.0,8.0,0,1661.6433991357821
23103.0,3.0,0,1588.2310502686473
22949.0,3.0,0,1597.488931941109
22792.0,7.0,0,1443.7175002894123
22918.0,7.0,0,1585.1634365094992
22828.0,8.0,0,1606.301349829091
22731.0,2.0,0,1643.4701199008794
23061.0,3.0,0,1602.3496942984357
23108.0,8.0,0,1601.058202177272
23040.0,3.0,0,1560.0712005520147
22729.0,7.0,0,1641.4635173589834
22974.0,7.0,0,1557.741225138605
23065.0,7.0,0,1588.6869660728667
22915.0,4.0,0,1568.417766468107
22833.0,6.0,0,1514.3894064660449
22802.0,3.0,0,1573.8281153314124
22868.0,6.0,0,1550.0380977307886
22967.0,7.0,0,1535.3694770825696
23110.0,3.0,0,1637.7675875585494
22998.0,3.0,0,1551.464080903866
22972.0,5.0,0,1593.806885852144
22929.0,4.0,0,1613.0955424610895
22839.0,5.0,0,1588.6898618642704
22849.0,8.0,0,1669.1696082094409
22842.0,8.0,0,1726.8368290890944
22888.0,5.0,0,1521.7262939289735
22990.0,2.0,0,1709.5964498492935
22894.0,4.0,0,1579.9926732475512
22845.0,4.0,0,1570.7676359585196
22707.0,6.0,0,1788.4664241364112
23116.0,2.0,0,1674.951377777659
22865.0,3.0,0,1572.736217624702
22985.0,4.0,0,1584.678083568933
22893.0,3.0,0,1569.766238461525
22866.0,4.0,0,1600.482642734743
22979.0,5.0,0,1469.1129977096432
22740.0,4.0,0,1756.6368479890536
22912.0,8.0,0,1648.0567077922085
23138.0,3.0,0,1547.504067958187
22850.0,2.0,0,1556.0293269384986
22778.0,7.0,0,1502.1213349667148
22895.0,5.0,0,1550.2509732302306
23070.0,5.0,0,1550.9335124621552
22852.0,4.0,0,1574.0129585098384
22999.0,4.0,0,1619.621333972141
22773.0,2.0,0,1631.761963293201
22908.0,4.0,0,1662.6510824243717
23005.0,3.0,0,1565.6942508553702
22795.0,3.0,0,1499.0944778456194
22744.0,8.0,0,1667.5106326632203
22975.0,8.0,0,1726.7374081469898
23009.0,7.0,0,1594.5393750337034
22730.0,8.0,0,1778.5366594615216
23062.0,4.0,0,1565.4285754691446
23018.0,2.0,0,1523.228174874258
22717.0,2.0,0,1778.2000170029276
23013.0,4.0,0,1534.032431029296
22837.0,3.0,0,1668.5729186268134
22793.0,8.0,0,1866.9210210708088
23088.0,2.0,0,1693.1916254720284
22996.0,8.0,0,1715.029516968874
22878.0,2.0,0,1590.7112175430448
22753.0,3.0,0,1567.3121208714283
22737.0,8.0,0,1757.8784666260096
22815.0,2.0,0,1692.9580895765575
22897.0,7.0,0,1531.9669510120445
22898.0,8.0,0,1651.1839446203014
22958.0,5.0,0,1536.0934978975329
23155.0,6.0,0,5.648176152416036
23090.0,4.0,0,1562.0448958307204
22966.0,6.0,0,1556.320665368183
22911.0,7.0,0,1547.3434122523463
23146.0,4.0,0,1547.0705073657098
22811.0,5.0,0,1605.0021357498085
22935.0,3.0,0,1589.7783737165787
23148.0,6.0,0,1566.824472355642
22936.0,4.0,0,1591.8462625264242
22821.0,8.0,0,1655.145823604187
22790.0,5.0,0,1536.8572721322037
22813.0,7.0,0,1578.3904430577225
23038.0,8.0,0,1578.0323187961264
22808.0,2.0,0,1604.8941595974252
22899.0,2.0,0,1561.4504768682636
23125.0,4.0,0,1611.4802887407466
22941.0,2.0,0,1607.0512372698804
22943.0,4.0,0,1564.8639229090281
23045.0,8.0,0,1614.8882093728928
23106.0,6.0,0,1541.848115230625
22901.0,4.0,0,1512.487796537119
22874.0,5.0,0,1570.0727480841201
22748.0,5.0,0,1609.9304060336133
23039.0,2.0,0,1540.2747894039437
22864.0,2.0,0,1577.1814747204107
23037.0,7.0,0,1537.9360950151972
23096.0,3.0,0,1565.9244793635437
22720.0,5.0,0,1570.548581224491
22827.0,7.0,0,1597.3420735453851
22950.0,4.0,0,1590.5384566135424
23131.0,3.0,0,1581.6697071270112
23057.0,6.0,0,1555.2790480013377
23149.0,7.0,0,1576.7097213863794
22969.0,2.0,0,1617.6023433413116
23083.0,4.0,0,1609.1532142543597
22860.0,5.0,0,1559.5239701472412
23132.0,4.0,0,1577.7047563610774
22859.0,4.0,0,1604.626002475186
22955.0,2.0,0,1669.1544102735481
22957.0,4.0,0,1516.8476383253133
23153.0,4.0,0,1598.3581931416495
23035.0,5.0,0,1540.3276068800149
22872.0,3.0,0,1574.4984944337523
22902.0,5.0,0,1547.1250185037431
23151.0,2.0,0,1583.2326667702262
22856.0,8.0,0,1816.5989776474887
22885.0,2.0,0,1607.8484209486858
22960.0,7.0,0,1581.8406916384572
23091.0,5.0,0,1581.3390141023713
22769.0,5.0,0,1534.0099920389719
22963.0,3.0,0,1582.8379419556177
22900.0,3.0,0,1567.7773621208812
22755.0,5.0,0,1620.296956713763
22977.0,3.0,0,1636.901528643532
22721.0,6.0,0,1660.435695488496
22861.0,6.0,0,1564.6572609195957
22978.0,4.0,0,1631.8789966927905
22770.0,6.0,0,1537.5219137974457
22867.0,5.0,0,1549.1019238445836
23084.0,5.0,0,1525.552331637854
23071.0,6.0,0,1571.7133584490016
23089.0,3.0,0,1599.6645516495998
22723.0,8.0,0,1780.1685421486402
22971.0,4.0,0,1583.1143862655815
22914.0,3.0,0,1637.668655630333
22772.0,8.0,0,1762.2065993110286
22987.0,6.0,0,1546.5311363104017
22726.0,4.0,0,1694.7716358290218
23097.0,4.0,0,1587.6776731820676
23119.0,5.0,0,1585.2931555616549
22708.0,7.0,0,1810.3424239002748
23120.0,6.0,0,1543.4232861901398
22992.0,4.0,0,1539.194272858988
22984.0,3.0,0,1523.6648905152833
22844.0,3.0,0,1626.8217379711741
22986.0,5.0,0,1522.23659833991
22798.0,6.0,0,1535.325415691662
23029.0,6.0,0,1551.8523673688906
22797.0,5.0,0,1594.7373241048156
23079.0,7.0,0,1613.978806732609
22745.0,2.0,0,1660.2684428540058
23080.0,8.0,0,1620.7465361578616
22892.0,2.0,0,1597.7028414672718
22891.0,8.0,0,1710.6343036112798
23081.0,2.0,0,1557.0648594056825
23078.0,6.0,0,1618.1029448255042
22848.0,7.0,0,1526.9361309161409
22983.0,2.0,0,1656.8581261422078
23102.0,2.0,0,1620.5965079933555
22988.0,7.0,0,1547.1962045523667
22993.0,5.0,0,1549.0422528458507
22995.0,7.0,0,1474.4432656269205
22751.0,8.0,0,1726.5613029313731
22846.0,5.0,0,1580.1579460597052
22994.0,6.0,0,1565.4334655733815
23077.0,5.0,0,1646.6921156709725
23082.0,3.0,0,1588.6645169875221
22756.0,6.0,0,1489.9965454424428
22870.0,8.0,0,1653.0621082274258
23030.0,7.0,0,1531.4025789967277
22775.0,4.0,0,1542.3263104518348
22976.0,2.0,0,1552.11408986193
22738.0,2.0,0,1724.6194460882532
23024.0,8.0,0,1720.9145396137742
22982.0,8.0,0,1716.9188792482646
22904.0,7.0,0,1533.776807075849
22909.0,5.0,0,1516.6724085395151
22980.0,6.0,0,1566.2363531234346
22796.0,4.0,0,1584.580354302314
23000.0,5.0,0,1563.225322925048
22714.0,6.0,0,1554.3232537118192
22739.0,3.0,0,1548.99676376125
22853.0,5.0,0,1555.8757493985822
23093.0,7.0,0,1474.0405331268275
22768.0,4.0,0,1652.0227277568868
22886.0,3.0,0,1586.3034963270936
23122.0,8.0,0,1598.3194905016962
22854.0,6.0,0,1547.5346419186703
22855.0,7.0,0,1570.1786302285711
22840.0,6.0,0,1583.7726155630949
22806.0,7.0,0,1513.2130740899006
23006.0,4.0,0,1587.2465335486347
22869.0,7.0,0,1514.2301425515827
23019.0,3.0,0,1506.5910145021169
22862.0,7.0,0,1592.3429744893706
23008.0,6.0,0,1541.8828563654372
22794.0,2.0,0,1698.7308201565736
23007.0,5.0,0,1615.386225860077
22857.0,2.0,0,1534.774371252769
22754.0,4.0,0,1599.9545110904069
23133.0,5.0,0,1607.677334622337
22781.0,3.0,0,1583.611036286134
22805.0,6.0,0,1527.3661107876749
22930.0,5.0,0,1544.1540091237903
23011.0,2.0,0,1662.5446719625097
23066.0,8.0,0,1768.6620271837824
22771.0,7.0,0,1554.4723663629889
22782.0,4.0,0,1658.4478865734804
23016.0,7.0,0,1561.4253984711008
23059.0,8.0,0,1605.6293811019884
22905.0,8.0,0,1559.3473461419264
23086.0,7.0,0,1569.7892423982184
23058.0,7.0,0,1576.1494177659088
23012.0,3.0,0,1572.4820982568112
22789.0,4.0,0,1581.3973748031076
22881.0,5.0,0,1575.424193703816
22835.0,8.0,0,1663.5918923679128
23055.0,4.0,0,1573.3451337608192
22925.0,7.0,0,1619.749325515986
22766.0,2.0,0,1531.4596731469708
22924.0,6.0,0,1559.6556835122303
23042.0,5.0,0,1490.7749937771061
22879.0,3.0,0,1552.2990971946342
22784.0,6.0,0,1536.7749916820433
22920.0,2.0,0,1569.9136335403296
23052.0,8.0,0,1548.1358898896538
22735.0,6.0,0,1653.908287610612
22807.0,8.0,0,1690.6212542658507
22945.0,6.0,0,1513.2602742341408
23141.0,6.0,0,1609.1820199518556
23051.0,7.0,0,1500.5120327517564
23025.0,2.0,0,1541.6024049782814
22951.0,5.0,0,1535.214827916684
22819.0,6.0,0,1612.4055343661687
23140.0,5.0,0,1629.4626337289694
23027.0,4.0,0,1532.5410002555077
22824.0,4.0,0,1607.3415335843717
22877.0,8.0,0,1638.9119916805805
23101.0,8.0,0,1698.47731456967
23043.0,6.0,0,1508.605506594571
22921.0,3.0,0,1549.1289307708798
22705.0,4.0,0,2252.6079619629386
22922.0,4.0,0,1528.7426863402225
23028.0,5.0,0,1509.4802349426782
23136.0,8.0,0,1722.6156833988634
22820.0,7.0,0,1619.6790594926583
22747.0,4.0,0,1637.9092360409234
23121.0,7.0,0,1596.9149921958094
22919.0,8.0,0,1581.2007269983935
23147.0,5.0,0,1514.142406656894
22939.0,7.0,0,1522.518493044408
22734.0,5.0,0,1637.6170118757996
22712.0,4.0,0,1669.4052814130143
22940.0,8.0,0,1568.7419129211096
22937.0,5.0,0,1486.3754872536676
23130.0,2.0,0,1585.0035177026675
23049.0,5.0,0,1512.9797944178338
23046.0,2.0,0,1643.3034869518476
23098.0,5.0,0,1521.6204683775286
22823.0,3.0,0,1522.84860912515
22762.0,5.0,0,1514.127200269297
22764.0,7.0,0,1607.1703513836542
22875.0,6.0,0,1591.9245744101643
22810.0,4.0,0,1533.2496592408957
22926.0,8.0,0,1643.5899240482102
22873.0,4.0,0,1587.9961237463106
22832.0,5.0,0,1540.1052465982943
23050.0,6.0,0,1546.3075772621505
22944.0,5.0,0,1554.874344285224
22822.0,2.0,0,1697.1786187708562
22954.0,8.0,0,1585.30951216351
22927.0,2.0,0,1672.6620530317375
22765.0,8.0,0,1697.0823337820414
23095.0,2.0,0,1721.9303045746187
22732.0,3.0,0,1580.5589322750243
22946.0,7.0,0,1580.958995788014
22962.0,2.0,0,1690.8308888639258
23143.0,8.0,0,1750.5405837461572
22826.0,6.0,0,1506.7139766887358
22947.0,8.0,0,1619.364570730212
23152.0,3.0,0,1577.8984355072696
23053.0,2.0,0,1705.664267342867
23104.0,4.0,0,1543.2525076510694
22718.0,3.0,0,1606.8719973112452
23054.0,3.0,0,1553.4890652703245
22948.0,2.0,0,1600.8201436032627
23145.0,3.0,0,1570.7678882868565
23150.0,8.0,0,1615.571326980349
23126.0,5.0,0,1508.8990047836128
22965.0,5.0,0,1589.0225532722832
23041.0,4.0,0,1604.1591372224657
22788.0,3.0,0,1532.347176386017
22801.0,2.0,0,1539.7935466458734
22880.0,4.0,0,1531.0575973809391
22952.0,6.0,0,1543.1895890780204
23105.0,5.0,0,1548.3145635401834
22968.0,8.0,0,1625.7689169869736
23124.0,3.0,0,1612.265288393854
23060.0,2.0,0,1517.1757904562426
22836.0,2.0,0,1590.311470193911
22749.0,6.0,0,1606.0822887336844
22816.0,3.0,0,1590.7762941579222
23014.0,5.0,0,1543.2019088803725
23015.0,6.0,0,1530.9162611673544
22724.0,2.0,0,1698.9670551038537
23036.0,6.0,0,1473.4968487509304
22956.0,3.0,0,1511.8024506235358
22858.0,3.0,0,1624.3090511729563
22882.0,6.0,0,1590.987843543197
22876.0,7.0,0,1572.9347226657621
22727.0,5.0,0,1631.542672595539
23034.0,4.0,0,1519.0960570112206
22728.0,6.0,0,1629.4616404322583
23139.0,4.0,0,1606.2539973395508
22710.0,2.0,0,1795.2094504485249
22959.0,6.0,0,1527.6736458631897
23099.0,6.0,0,1531.861347608828
23063.0,5.0,0,1549.1933943123986
22896.0,6.0,0,1608.9585771807022
22928.0,3.0,0,1646.1915238260697
23154.0,5.0,0,1552.9118517931356
22817.0,4.0,0,1596.881997345771
23064.0,6.0,0,1593.896243302804
22884.0,8.0,0,1722.9983914445368
22716.0,8.0,0,1782.800423108835
22800.0,8.0,0,1643.706212778991
22841.0,7.0,0,1559.5527685575455
23128.0,7.0,0,1571.7463625051992
23068.0,3.0,0,1586.7484604379956
22889.0,6.0,0,1576.7454752020572
23032.0,2.0,0,1639.297460975004
22917.0,6.0,0,1471.544000996093
23004.0,2.0,0,1646.454065137697
23092.0,6.0,0,1521.1641804915391
23056.0,5.0,0,1516.5882591986408
22964.0,4.0,0,1596.615247921817
23022.0,6.0,0,1533.0502274269656
23100.0,7.0,0,1521.633456964078
23002.0,7.0,0,1577.2252697177673
22863.0,8.0,0,1660.5003732929335
22779.0,8.0,0,1629.549211315168
23067.0,2.0,0,1635.3924992133516
22757.0,7.0,0,1551.668459415039
23020.0,4.0,0,1551.1892430612595
22750.0,7.0,0,1527.2645374497654
22981.0,7.0,0,1520.9268193693147
23031.0,8.0,0,1652.7961675270403
23085.0,6.0,0,1545.3800800896768
22887.0,4.0,0,1637.8162686039148
22761.0,4.0,0,1611.3264062496805
22722.0,7.0,0,1573.537950692755
22970.0,3.0,0,1479.9098951539575
23069.0,4.0,0,1560.6683208637044
23072.0,7.0,0,1616.1372638566068
22843.0,2.0,0,1583.497307072091
22838.0,4.0,0,1558.8444339379082
22997.0,2.0,0,1689.5917778963337
22851.0,3.0,0,1579.452501456801
22786.0,8.0,0,1730.7941580668396
22973.0,6.0,0,1606.8521381982787
22725.0,3.0,0,1583.3644733011897
23074.0,2.0,0,1687.0944222145158
22776.0,5.0,0,1478.6022759436335
22777.0,6.0,0,1499.2085484509196
23118.0,4.0,0,1607.0506295984956
22795.0,3.0,2,269.6809771606528
22994.0,6.0,2,246.19890909647057
22978.0,4.0,2,287.5407033624114
22717.0,2.0,2,530.8950553452199
22841.0,7.0,2,227.41325464512477
23069.0,4.0,2,306.78932193855087
23070.0,5.0,2,264.52159942302274
22867.0,5.0,2,272.98849839910844
22980.0,6.0,2,285.6220744983367
22976.0,2.0,2,606.0376731506032
22843.0,2.0,2,625.8160282164364
22982.0,8.0,2,625.8160282164366
22776.0,5.0,2,278.6108402615322
22808.0,2.0,2,637.5236760660775
23071.0,6.0,2,232.57263238275482
23118.0,4.0,2,301.62994420092076
23075.0,3.0,2,283.3072538743686
22985.0,4.0,2,328.88249762835227
23076.0,4.0,2,348.5940803292853
22840.0,6.0,2,257.44359282131796
22751.0,8.0,2,537.0471336973375
23077.0,5.0,2,285.68884686323696
22891.0,8.0,2,553.9141592846086
22728.0,6.0,2,247.58780147085145
22845.0,4.0,2,287.5407033624115
22798.0,6.0,2,239.12090249476574
22892.0,2.0,2,581.1667127120401
22775.0,4.0,2,302.55587245050805
23079.0,7.0,2,260.7511140597736
23078.0,6.0,2,244.2802802323958
22847.0,6.0,2,275.7662831478702
23026.0,3.0,2,279.53676851111936
23080.0,8.0,2,600.8782954129732
22716.0,8.0,2,484.85684746644273
22890.0,7.0,2,303.01883657530163
22988.0,7.0,2,249.9693944597198
22893.0,3.0,2,248.05076559564503
23082.0,3.0,2,266.37345592219725
22889.0,6.0,2,261.21407818456714
23073.0,8.0,2,579.3148562128657
22799.0,7.0,2,259.8251858101863
23083.0,4.0,2,293.62600934962876
22797.0,5.0,2,223.17980515708197
23066.0,8.0,2,575.0814067248228
22887.0,4.0,2,298.3224229624652
22992.0,4.0,2,275.30331902307654
22909.0,5.0,2,264.9845635478164
23074.0,2.0,2,623.5012075924685
23085.0,6.0,2,257.90655694611155
22727.0,5.0,2,272.9884983991084
22750.0,7.0,2,271.0698695350337
22984.0,3.0,2,251.82125095889435
22777.0,6.0,2,256.9806286965243
23065.0,7.0,2,300.7040159513336
22710.0,2.0,2,492.39781819294114
23081.0,2.0,2,592.4113964368875
22752.0,2.0,2,577.8591914735845
23084.0,5.0,2,267.8291206614784
23067.0,2.0,2,622.508506977981
22894.0,4.0,2,315.7191850394301
23087.0,8.0,2,540.2878825708929
22883.0,7.0,2,282.38132562478137
22800.0,8.0,2,582.6223774513213
22888.0,5.0,2,352.82752981732807
22796.0,4.0,2,278.61084026153213
22729.0,7.0,2,200.6236653424869
22998.0,3.0,2,256.0547004469371
22903.0,6.0,2,232.10966825796126
22881.0,5.0,2,282.844289749575
23089.0,3.0,2,264.5215994230228
23072.0,7.0,2,264.9845635478164
23111.0,4.0,2,307.25228606334446
22778.0,7.0,2,268.29208478627197
22897.0,7.0,2,292.70008110004153
22878.0,2.0,2,614.0416080018953
23086.0,7.0,2,255.59173632214356
22996.0,8.0,2,628.1308488404046
22726.0,4.0,2,259.3622216853927
22853.0,5.0,2,273.91442664869567
23092.0,6.0,2,285.15911037354306
23068.0,3.0,2,214.24994205620266
22886.0,3.0,2,259.3622216853927
22907.0,3.0,2,264.5215994230228
22753.0,3.0,2,283.7702179991623
22779.0,8.0,2,600.9450677778734
23093.0,7.0,2,250.89532270930707
22715.0,7.0,2,208.62760019377896
22899.0,2.0,2,565.6885794991499
23043.0,6.0,2,265.44752767261
23020.0,4.0,2,349.98297270366623
23004.0,2.0,2,703.3402390106882
22802.0,3.0,2,288.46663161199865
22900.0,3.0,2,260.28814993497997
23095.0,2.0,2,593.8670611761687
22790.0,5.0,2,311.0227714265937
22854.0,6.0,2,285.62207449833664
22871.0,2.0,2,556.7587163982705
23096.0,3.0,2,241.96545960842778
22895.0,5.0,2,278.14787613673855
22850.0,2.0,2,583.0185692112146
22780.0,2.0,2,563.3069865102816
23007.0,5.0,2,293.1630452248352
23097.0,4.0,2,325.5749763898966
22901.0,4.0,2,319.952634527473
22725.0,3.0,2,247.58780147085145
23033.0,3.0,2,237.7320101203849
23031.0,8.0,2,623.964171717262
23008.0,6.0,2,238.19497424517854
22857.0,2.0,2,571.7738854863671
22803.0,4.0,2,277.22194788715126
22805.0,6.0,2,257.443592821318
23100.0,7.0,2,255.59173632214345
23027.0,4.0,2,275.7662831478702
23101.0,8.0,2,568.4663642479115
23018.0,2.0,2,606.0376731506034
23099.0,6.0,2,267.29938417178454
22781.0,3.0,2,287.5407033624114
23025.0,2.0,2,627.667884715611
23102.0,2.0,2,583.0853415761148
22754.0,4.0,2,301.6299442009208
23013.0,4.0,2,291.7741528504543
23103.0,3.0,2,264.98456354781644
22744.0,8.0,2,612.1897515027209
22904.0,7.0,2,246.66187322126422
22862.0,7.0,2,278.14787613673855
22731.0,2.0,2,528.050498231558
23060.0,2.0,2,635.2088554421094
22724.0,2.0,2,607.4265655249841
23014.0,5.0,2,323.2601557659286
22743.0,7.0,2,272.9884983991085
22928.0,3.0,2,238.65793836997213
22905.0,8.0,2,542.1397390700674
23105.0,5.0,2,304.93746543937635
22782.0,4.0,2,306.3263578137573
23015.0,6.0,2,266.37345592219725
22705.0,4.0,2,258.4362934358055
23016.0,7.0,2,300.7040159513336
22772.0,8.0,2,580.7037485872465
23106.0,6.0,2,276.22924727266377
22714.0,6.0,2,225.03166165625643
22860.0,5.0,2,263.59567117343556
22783.0,5.0,2,263.59567117343556
23128.0,7.0,2,260.28814993497997
23011.0,2.0,2,558.6773452623454
23010.0,8.0,2,609.3451943890589
23147.0,5.0,2,250.89532270930707
23009.0,7.0,2,274.3773907734893
23108.0,8.0,2,643.6757544181951
22856.0,8.0,2,570.3849931119864
22755.0,5.0,2,309.17091492741923
23019.0,3.0,2,288.46663161199876
23006.0,4.0,2,328.88249762835227
22855.0,7.0,2,279.999732635913
23109.0,2.0,2,576.4702990992037
22804.0,5.0,2,272.9884983991085
23054.0,3.0,2,255.1287721973499
23110.0,3.0,2,265.44752767261
23003.0,8.0,2,584.9371980752894
22723.0,8.0,2,509.7278079050058
23002.0,7.0,2,235.88015362121047
22806.0,7.0,2,282.38132562478137
23001.0,6.0,2,247.58780147085147
22709.0,8.0,2,405.4807801730166
23000.0,5.0,2,281.9183614999878
22852.0,4.0,2,325.5749763898967
23022.0,6.0,2,289.8555239863796
22999.0,4.0,2,286.6147751128242
23144.0,2.0,2,583.085341576115
23113.0,6.0,2,247.58780147085142
22851.0,3.0,2,277.2219478871514
22741.0,5.0,2,314.79325678984287
22997.0,2.0,2,633.2902265780347
22784.0,6.0,2,247.12483734605783
22995.0,7.0,2,274.37739077348937
23024.0,8.0,2,551.5993386606406
23112.0,5.0,2,259.3622216853927
23151.0,2.0,2,582.0926409616272
23115.0,8.0,2,545.4472603085229
22864.0,2.0,2,635.2088554421094
22813.0,7.0,2,247.58780147085145
22848.0,7.0,2,302.0929083257144
22910.0,6.0,2,241.96545960842772
22991.0,3.0,2,232.10966825796126
22761.0,4.0,2,272.52553427431485
23116.0,2.0,2,608.8822302642652
22740.0,4.0,2,279.5367685111194
22865.0,3.0,2,283.30725387436866
22989.0,8.0,2,622.9714711027746
22846.0,5.0,2,264.5215994230228
22807.0,8.0,2,598.5634747890051
22987.0,6.0,2,270.60690541024013
22908.0,4.0,2,301.1669800761272
22722.0,7.0,2,247.58780147085142
22986.0,5.0,2,268.75504891106567
23137.0,2.0,2,607.8895296497777
23028.0,5.0,2,258.89925756059904
22911.0,7.0,2,250.43235858451342
22866.0,4.0,2,284.6961462487495
22844.0,3.0,2,305.8633936889636
22774.0,3.0,2,288.00366748720506
22983.0,2.0,2,533.7396124588819
23155.0,6.0,2,8.0
22739.0,3.0,2,233.4985606323421
22745.0,2.0,2,643.6089820532949
22713.0,5.0,2,216.63153504507105
23029.0,6.0,2,256.51766457173073
22842.0,8.0,2,660.5427800054664
22785.0,7.0,2,249.50643033492616
22773.0,2.0,2,631.4383700788603
22979.0,5.0,2,296.0076023384971
23098.0,5.0,2,304.0115371897892
22929.0,4.0,2,311.02277142659375
22937.0,5.0,2,272.98849839910844
22936.0,4.0,2,285.1591103735431
22868.0,6.0,2,243.81731610760224
23122.0,8.0,2,577.396227348791
23032.0,2.0,2,606.9636014001906
23030.0,7.0,2,260.7511140597736
22839.0,5.0,2,295.5446382137034
22738.0,2.0,2,663.3873371191282
22786.0,8.0,2,563.3069865102817
22973.0,6.0,2,251.82125095889427
23123.0,2.0,2,570.84795723678
22838.0,4.0,2,297.8594588376716
22763.0,6.0,2,283.7702179991622
22869.0,7.0,2,283.7702179991622
22821.0,8.0,2,576.9332632239972
22971.0,4.0,2,284.69614624874947
22977.0,3.0,2,256.0547004469371
23121.0,7.0,2,268.29208478627197
23120.0,6.0,2,244.28028023239588
22721.0,6.0,2,233.49856063234208
22809.0,3.0,2,270.6069054102401
22970.0,3.0,2,301.1669800761272
22837.0,3.0,2,302.0929083257144
22941.0,2.0,2,622.0455428531874
22969.0,2.0,2,617.8120933651444
23124.0,3.0,2,269.6809771606529
22981.0,7.0,2,283.3072538743686
23035.0,5.0,2,277.2219478871513
23119.0,5.0,2,304.4745013145828
22914.0,3.0,2,256.9806286965244
22967.0,7.0,2,300.24105182653994
23034.0,4.0,2,338.2753248540252
22757.0,7.0,2,274.37739077348937
22737.0,8.0,2,588.244719313745
23036.0,6.0,2,234.42448888192934
23045.0,8.0,2,585.400162200083
23125.0,4.0,2,310.5598073018001
23126.0,5.0,2,281.45539737519414
22834.0,7.0,2,246.19890909647057
23117.0,3.0,2,281.45539737519414
22963.0,3.0,2,282.844289749575
23152.0,3.0,2,283.3072538743686
22962.0,2.0,2,562.844022385488
22833.0,6.0,2,252.28421508368788
23153.0,4.0,2,332.19001886680786
22961.0,8.0,2,567.5404359983245
22810.0,4.0,2,283.77021799916224
22916.0,5.0,2,305.8633936889637
22801.0,2.0,2,632.3642983284474
22990.0,2.0,2,624.823327601949
23038.0,8.0,2,591.0225040625066
23094.0,8.0,2,552.0623027854343
22958.0,5.0,2,267.8291206614784
22825.0,5.0,2,279.0738043863258
22831.0,4.0,2,310.55980730180005
22736.0,7.0,2,227.4132546451248
22993.0,5.0,2,269.6809771606529
22957.0,4.0,2,306.7893219385509
22849.0,8.0,2,593.8670611761685
23130.0,2.0,2,661.4687082550535
22788.0,3.0,2,242.4284237332214
22917.0,6.0,2,257.443592821318
22767.0,3.0,2,264.52159942302274
22955.0,2.0,2,647.8424315413376
22789.0,4.0,2,297.8594588376715
22720.0,5.0,2,235.88015362121047
22872.0,3.0,2,292.2371169752479
23039.0,2.0,2,625.2862917267425
22829.0,2.0,2,605.5747090258096
23149.0,7.0,2,256.9806286965244
22811.0,5.0,2,299.77808770174636
22918.0,7.0,2,306.3263578137573
23131.0,3.0,2,250.895322709307
23041.0,4.0,2,310.09684317700646
22951.0,5.0,2,283.3072538743686
22948.0,2.0,2,598.0337382993112
22950.0,4.0,2,265.91049179740367
22873.0,4.0,2,269.68097716065284
22863.0,8.0,2,554.3771234094023
22827.0,7.0,2,250.4323585845134
22735.0,6.0,2,247.12483734605783
23132.0,4.0,2,282.844289749575
23021.0,5.0,2,294.15574583932266
22712.0,4.0,2,255.1287721973499
23040.0,3.0,2,273.45146252390214
22826.0,6.0,2,252.2842150836879
23104.0,4.0,2,288.9295957367923
23042.0,5.0,2,292.70008110004153
22949.0,3.0,2,214.71290618099627
22765.0,8.0,2,565.158843009456
23107.0,7.0,2,309.6338790522129
22766.0,2.0,2,630.4456694643728
22947.0,8.0,2,603.2598884018415
22946.0,7.0,2,263.59567117343556
22792.0,7.0,2,288.9295957367923
22758.0,8.0,2,555.8327881486834
22874.0,5.0,2,264.52159942302274
22952.0,6.0,2,248.51372972043868
22945.0,6.0,2,242.4284237332214
23134.0,6.0,2,274.37739077348937
22906.0,2.0,2,596.6448459249303
22828.0,8.0,2,537.9730619469249
22861.0,6.0,2,256.05470044693703
22953.0,7.0,2,298.3224229624652
22824.0,4.0,2,264.5215994230228
22764.0,7.0,2,237.26904599559128
22943.0,4.0,2,282.84428974957507
23133.0,5.0,2,296.9335305880844
22942.0,3.0,2,252.2842150836879
23044.0,7.0,2,249.96939445971978
22823.0,3.0,2,256.51766457173073
22812.0,6.0,2,261.2140781845672
22734.0,5.0,2,263.13270704864186
23135.0,7.0,2,287.5407033624114
22954.0,8.0,2,552.5252669102279
23046.0,2.0,2,609.8081585138525
23017.0,8.0,2,611.1970508882333
23148.0,6.0,2,308.17821431293174
22875.0,6.0,2,299.2483512120524
22940.0,8.0,2,584.0112698257021
22822.0,2.0,2,616.3564286258634
22858.0,3.0,2,263.59567117343556
23136.0,8.0,2,616.4232009907638
22920.0,2.0,2,677.4765779576377
22939.0,7.0,2,291.7741528504542
22830.0,3.0,2,256.51766457173073
22859.0,4.0,2,297.396494712878
22719.0,4.0,2,244.81001672208973
22938.0,6.0,2,294.55193759921605
22956.0,3.0,2,269.68097716065284
23012.0,3.0,2,264.98456354781644
22898.0,8.0,2,598.5634747890051
23047.0,3.0,2,255.59173632214348
22815.0,2.0,2,559.9994652718259
22708.0,7.0,2,223.64276928187556
22927.0,2.0,2,552.9882310350214
22746.0,3.0,2,275.3033190230765
22820.0,7.0,2,272.52553427431485
22762.0,5.0,2,258.43629343580545
22935.0,3.0,2,256.51766457173073
22747.0,4.0,2,311.0227714265937
22707.0,6.0,2,206.2460072049106
22944.0,5.0,2,264.0586352982292
22934.0,2.0,2,592.9411329265813
22819.0,6.0,2,270.1439412854465
22733.0,4.0,2,302.09290832571435
22933.0,8.0,2,576.0073349744101
22959.0,6.0,2,270.60690541024013
22932.0,7.0,2,302.0929083257144
23048.0,4.0,2,279.53676851111936
22902.0,5.0,2,290.3852604760734
22818.0,5.0,2,321.87126339154776
22877.0,8.0,2,520.1133357451663
22931.0,6.0,2,247.58780147085147
22832.0,5.0,2,255.1287721973499
23140.0,5.0,2,264.5215994230228
22930.0,5.0,2,266.90319241189115
22960.0,7.0,2,283.3072538743686
22817.0,4.0,2,291.77415285045424
22876.0,7.0,2,255.1287721973499
23141.0,6.0,2,292.70008110004153
23138.0,3.0,2,287.07773923761783
22759.0,2.0,2,566.6145077487372
23050.0,6.0,2,280.46269676070665
22768.0,4.0,2,287.07773923761783
22791.0,6.0,2,239.5838666195594
23142.0,7.0,2,268.7550489110656
23052.0,8.0,2,553.451195159815
22814.0,8.0,2,580.7037485872465
23143.0,8.0,2,613.115679752308
23091.0,5.0,2,259.36222168539274
22732.0,3.0,2,260.28814993497997
23053.0,2.0,2,609.8081585138524
23051.0,7.0,2,305.8633936889637
22879.0,3.0,2,276.75898376235773
23145.0,3.0,2,254.20284394776266
22769.0,5.0,2,273.4514625239021
22742.0,6.0,2,236.80608187079767
23005.0,3.0,2,254.20284394776266
22964.0,4.0,2,281.9183614999877
22787.0,2.0,2,596.1818818001368
23090.0,4.0,2,323.2601557659286
22923.0,5.0,2,210.01649256815983
23055.0,4.0,2,286.6147751128242
22924.0,6.0,2,252.74717920848155
22718.0,3.0,2,233.0355965075485
22922.0,4.0,2,319.4896704026794
22748.0,5.0,2,245.73594497167701
23139.0,4.0,2,321.34152690185385
22966.0,6.0,2,224.56869753146282
22835.0,8.0,2,622.5085069779809
22921.0,3.0,2,268.75504891106567
22926.0,8.0,2,562.8440223854878
23057.0,6.0,2,243.35435198280862
22870.0,8.0,2,571.3109213615737
22896.0,6.0,2,285.6220744983367
23049.0,5.0,2,282.38132562478137
23058.0,7.0,2,282.84428974957507
23056.0,5.0,2,294.08897347442235
22919.0,8.0,2,495.1756029417029
22770.0,6.0,2,248.5137297204387
22793.0,8.0,2,582.6223774513213
22760.0,3.0,2,282.84428974957495
23150.0,8.0,2,552.9882310350215
22882.0,6.0,2,265.91049179740367
23059.0,8.0,2,623.4344352275683
22968.0,8.0,2,604.7155531411227
23129.0,8.0,2,634.2829271925223
22711.0,3.0,2,224.1057334066692
22880.0,4.0,2,313.8673285402557
23146.0,4.0,2,273.9144266486957
23061.0,3.0,2,253.21014333327514
23127.0,6.0,2,297.396494712878
22836.0,2.0,2,546.3731885581102
23062.0,4.0,2,286.6147751128242
22915.0,4.0,2,288.92959573679235
22816.0,3.0,2,260.28814993497997
22771.0,7.0,2,287.5407033624114
22794.0,2.0,2,607.9563020146779
23063.0,5.0,2,241.03953135884055
22972.0,5.0,2,296.0076023384971
23088.0,2.0,2,522.4281563691343
23023.0,7.0,2,251.82125095889427
22913.0,2.0,2,649.7610604054125
23154.0,5.0,2,296.06650500081327
22974.0,7.0,2,268.29208478627197
22912.0,8.0,2,638.4496043156648
22756.0,6.0,2,271.5328336598273
23064.0,6.0,2,248.05076559564503
22706.0,5.0,2,216.631535045071
23037.0,7.0,2,310.0968431770064
22975.0,8.0,2,579.3148562128657
22884.0,8.0,2,554.3771234094022
22925.0,7.0,2,287.54070336241153
22749.0,6.0,2,285.1591103735431
22730.0,8.0,2,577.396227348791
23114.0,7.0,2,255.59173632214348
22885.0,2.0,2,604.6487807762225
22965.0,5.0,2,287.5407033624115
22908.0,4.0,3,1653.3148623592172
22806.0,7.0,3,1603.9882189933867
22755.0,5.0,3,1610.2380120075075
22907.0,3.0,3,1658.4753566680674
23109.0,2.0,3,1789.468243248673
22906.0,2.0,3,1623.4480997421178
22805.0,6.0,3,1652.2005534825032
22976.0,2.0,3,1672.6334798469363
22905.0,8.0,3,1660.4237599128137
23070.0,5.0,3,1654.4403685472437
22804.0,5.0,3,1626.8651327716814
22754.0,4.0,3,1641.724150372776
22903.0,6.0,3,1710.2343342245563
23101.0,8.0,3,1652.572448769381
22727.0,5.0,3,1613.5811129133401
22902.0,5.0,3,1693.8773405947693
22803.0,4.0,3,1649.4085091089776
23072.0,7.0,3,1673.8717463315727
22901.0,4.0,3,1657.5571041129333
22900.0,3.0,3,1685.4685715310413
22802.0,3.0,3,1643.266431185235
22753.0,3.0,3,1690.1857136320796
22899.0,2.0,3,1663.6862737493864
23093.0,7.0,3,1683.9552638232767
22984.0,3.0,3,1685.884314505554
22898.0,8.0,3,1643.5476663459715
22801.0,2.0,3,1662.3225618267934
23075.0,3.0,3,1681.3433210138392
22897.0,7.0,3,1604.6681393990696
23076.0,4.0,3,1673.3850795845233
22800.0,8.0,3,1663.8017916705553
22752.0,2.0,3,1766.226824483142
22895.0,5.0,3,1645.0151389717232
23085.0,6.0,3,1652.6828748380424
23078.0,6.0,3,1669.207027206484
22894.0,4.0,3,1675.327847911384
22799.0,7.0,3,1602.7257489489918
22716.0,8.0,3,1541.3281776605368
22893.0,3.0,3,1659.7835895400706
23079.0,7.0,3,1632.2797596406167
22892.0,2.0,3,1582.5624475304135
22798.0,6.0,3,1716.3620482546494
22751.0,8.0,3,1626.0436297381796
22891.0,8.0,3,1739.8075114083244
23080.0,8.0,3,1640.9827036361135
23077.0,5.0,3,1633.9446475275424
22890.0,7.0,3,1658.0453393150194
22797.0,5.0,3,1623.3845707102607
22710.0,2.0,3,1581.9087636552417
23074.0,2.0,3,1707.1221123358632
22889.0,6.0,3,1693.9383481924617
23073.0,8.0,3,1659.868258267828
23082.0,3.0,3,1657.9247372955647
22888.0,5.0,3,1669.9965532897186
22796.0,4.0,3,1617.621362039823
22896.0,6.0,3,1700.2709907904516
23071.0,6.0,3,1667.9818817116748
22750.0,7.0,3,1693.8160815351787
22992.0,4.0,3,1619.3266321395545
23081.0,2.0,3,1630.7483578157637
22887.0,4.0,3,1648.798395892274
23069.0,4.0,3,1683.7204510421577
23083.0,4.0,3,1652.625427938218
22886.0,3.0,3,1648.75741561598
22795.0,3.0,3,1705.0335436446426
23084.0,5.0,3,1577.4017618157332
23067.0,2.0,3,1622.5585780277295
23066.0,8.0,3,1595.2929303606347
22885.0,2.0,3,1683.9104403062229
23065.0,7.0,3,1602.4194699656427
22707.0,6.0,3,1727.8576356741248
22884.0,8.0,3,1745.3335274552467
22794.0,2.0,3,1747.2613015066763
23063.0,5.0,3,1686.5056117374168
22749.0,6.0,3,1676.1771229149483
22722.0,7.0,3,1634.75414518753
22883.0,7.0,3,1690.246766173539
23061.0,3.0,3,1688.4535128314128
22728.0,6.0,3,1651.2621316230177
22882.0,6.0,3,1660.6664182629904
22793.0,8.0,3,1640.0907479376124
23087.0,8.0,3,1690.7243240926925
23088.0,2.0,3,1698.4468774890317
23058.0,7.0,3,1603.3907611318375
22881.0,5.0,3,1645.1131290230328
23057.0,6.0,3,1741.4078943231227
23086.0,7.0,3,1679.8168288173806
23089.0,3.0,3,1709.0740944289482
22880.0,4.0,3,1648.1077396178277
22792.0,7.0,3,1616.5032778272584
23055.0,4.0,3,1619.3102202934235
22748.0,5.0,3,1614.2416252819623
22726.0,4.0,3,1617.4734513667947
22879.0,3.0,3,1654.2130875929515
23090.0,4.0,3,1614.6218043408032
22904.0,7.0,3,1589.458333115658
23053.0,2.0,3,1624.7944903744883
23091.0,5.0,3,1667.3628782696142
22878.0,2.0,3,1739.6909071356906
22791.0,6.0,3,1669.357773131763
23051.0,7.0,3,1612.814586805232
22715.0,7.0,3,1553.1744999446823
23050.0,6.0,3,1679.3776389851553
22877.0,8.0,3,1719.5359031576486
23092.0,6.0,3,1700.2753664899105
22876.0,7.0,3,1618.0399868132833
22790.0,5.0,3,1620.2591499102707
23047.0,3.0,3,1641.649521237436
22747.0,4.0,3,1614.2682902576005
22875.0,6.0,3,1765.22864442203
23045.0,8.0,3,1637.232079272048
23068.0,3.0,3,1706.1116189047123
22874.0,5.0,3,1658.3979326427677
22789.0,4.0,3,1691.6334582941336
22873.0,4.0,3,1665.4970779225146
23094.0,8.0,3,1746.2927960674883
23095.0,2.0,3,1726.7009177224033
22872.0,3.0,3,1643.4756950144447
22788.0,3.0,3,1712.4806368057343
23039.0,2.0,3,1607.970073557657
22746.0,3.0,3,1685.7019109968146
22725.0,3.0,3,1636.871175710601
23038.0,8.0,3,1625.5553450108503
22871.0,2.0,3,1688.4613545542584
23037.0,7.0,3,1638.095200040376
23097.0,4.0,3,1675.400097764156
22870.0,8.0,3,1565.717911901719
22787.0,2.0,3,1684.983030724701
23035.0,5.0,3,1679.7964550052432
23034.0,4.0,3,1716.3202740867648
22869.0,7.0,3,1687.7493806514997
23033.0,3.0,3,1675.6537160132275
23098.0,5.0,3,1637.5032179333211
23008.0,6.0,3,1647.571923274128
22868.0,6.0,3,1613.5983094531132
22786.0,8.0,3,1699.1574703749518
23031.0,8.0,3,1586.540521983157
22745.0,2.0,3,1811.2460147165857
22867.0,5.0,3,1658.4007678950184
23029.0,6.0,3,1689.4963242307028
23099.0,6.0,3,1679.7830650415183
23100.0,7.0,3,1647.7449437639118
22866.0,4.0,3,1610.7545210025585
22785.0,7.0,3,1641.3509515481167
23026.0,3.0,3,1649.4141760751031
22865.0,3.0,3,1647.5052442046892
23025.0,2.0,3,1598.196257599158
22864.0,2.0,3,1695.0327576709706
22784.0,6.0,3,1606.366717143017
23023.0,7.0,3,1662.3816137355147
22744.0,8.0,3,1729.938345865763
23103.0,3.0,3,1717.8086723114984
22863.0,8.0,3,1696.7703648887673
23021.0,5.0,3,1676.6404486340045
22862.0,7.0,3,1574.6045847509263
22783.0,5.0,3,1696.579705847875
23019.0,3.0,3,1657.9278194282372
22714.0,6.0,3,1655.0778343940433
22729.0,7.0,3,1644.5976353632975
22861.0,6.0,3,1626.2886224271563
23104.0,4.0,3,1584.9768334681446
23105.0,5.0,3,1660.0826969667555
22860.0,5.0,3,1627.5083120554477
22782.0,4.0,3,1597.6620867025017
23015.0,6.0,3,1660.2685002346834
22743.0,7.0,3,1614.6952664000958
23014.0,5.0,3,1666.4022825340362
22859.0,4.0,3,1607.849875803652
23013.0,4.0,3,1625.6111603641862
23096.0,3.0,3,1643.1821128674967
23012.0,3.0,3,1719.6502319092947
22858.0,3.0,3,1666.6613217252043
22781.0,3.0,3,1637.7247772957976
22709.0,8.0,3,1525.6649619437662
23102.0,2.0,3,1777.4047193055362
23011.0,2.0,3,1534.1293287255367
23010.0,8.0,3,1621.7642197570844
22857.0,2.0,3,1690.6461011103515
23107.0,7.0,3,1598.7227047629513
23009.0,7.0,3,1649.5728316281368
23108.0,8.0,3,1698.3078523840286
23018.0,2.0,3,1669.9195895258038
23017.0,8.0,3,1719.468239060842
22856.0,8.0,3,1629.1184924579172
22780.0,2.0,3,1775.951941597514
23007.0,5.0,3,1590.4730978252803
22742.0,6.0,3,1688.9549360605693
22723.0,8.0,3,1612.8959270038695
23006.0,4.0,3,1600.6727175980707
22855.0,7.0,3,1646.5036726984395
23005.0,3.0,3,1672.9931796295518
23110.0,3.0,3,1673.1407482824675
23020.0,4.0,3,1620.2088234039416
23004.0,2.0,3,1674.8802240935397
22854.0,6.0,3,1627.8237675396213
22779.0,8.0,3,1641.0749261087399
23003.0,8.0,3,1659.5436201742798
23002.0,7.0,3,1658.4638224020912
22853.0,5.0,3,1706.7185502675763
23001.0,6.0,3,1656.3670752437943
23111.0,4.0,3,1565.442437168014
23000.0,5.0,3,1659.1987916151522
22852.0,4.0,3,1661.627889250426
22778.0,7.0,3,1638.8421370299902
22999.0,4.0,3,1719.2375659261481
22741.0,5.0,3,1672.4589316650336
22998.0,3.0,3,1677.2031667794208
22851.0,3.0,3,1674.9433700077293
22997.0,2.0,3,1591.4860160834533
23112.0,5.0,3,1595.4281349159653
22996.0,8.0,3,1681.3841138869311
22850.0,2.0,3,1645.797653739782
22777.0,6.0,3,1706.9487763254838
23113.0,6.0,3,1673.4078873807725
22995.0,7.0,3,1707.8271563973499
23024.0,8.0,3,1818.24428878176
22994.0,6.0,3,1676.7163589058123
22849.0,8.0,3,1807.7889633773755
22993.0,5.0,3,1707.148713812633
22724.0,2.0,3,1691.5749943187016
22848.0,7.0,3,1610.9267173686574
22776.0,5.0,3,1626.6242660605571
22991.0,3.0,3,1714.8311019342705
22740.0,4.0,3,1652.432324493241
23116.0,2.0,3,1747.1143172486748
22990.0,2.0,3,1620.702643327989
22847.0,6.0,3,1699.165210825831
22989.0,8.0,3,1618.7066764536296
22988.0,7.0,3,1588.532572235904
22846.0,5.0,3,1692.2356071056824
22775.0,4.0,3,1637.3341441380403
22987.0,6.0,3,1678.550930038724
22713.0,5.0,3,1615.197971732966
22986.0,5.0,3,1645.2673395392435
22845.0,4.0,3,1587.8864570114742
23022.0,6.0,3,1623.525062946203
23028.0,5.0,3,1579.9825813165555
22985.0,4.0,3,1635.829585529074
23118.0,4.0,3,1599.1174409374185
22844.0,3.0,3,1689.8543192832535
22774.0,3.0,3,1640.8277951410482
22983.0,2.0,3,1615.7896263533614
22739.0,3.0,3,1658.36372615838
22982.0,8.0,3,1603.0220249318565
22843.0,2.0,3,1624.985683344316
22981.0,7.0,3,1624.9967016801163
22980.0,6.0,3,1649.7625109203284
22842.0,8.0,3,1670.4451941453872
22773.0,2.0,3,1657.727056968502
22979.0,5.0,3,1575.4342660545205
22978.0,4.0,3,1675.2779272896648
22841.0,7.0,3,1681.4672009940707
23120.0,6.0,3,1707.8488481698705
22977.0,3.0,3,1717.5324319640843
23030.0,7.0,3,1621.4087317348617
22840.0,6.0,3,1714.6294604142472
22772.0,8.0,3,1585.6706252439333
22975.0,8.0,3,1612.465742348813
22738.0,2.0,3,1654.3695185561855
22721.0,6.0,3,1630.9530542336772
22974.0,7.0,3,1657.184693631144
22839.0,5.0,3,1535.187167008326
22973.0,6.0,3,1672.5945729795421
23032.0,2.0,3,1663.074349702845
23027.0,4.0,3,1663.986751734865
23123.0,2.0,3,1573.498777319543
22972.0,5.0,3,1627.1559793875465
22838.0,4.0,3,1643.1714174368797
22771.0,7.0,3,1598.369643035201
22971.0,4.0,3,1682.7560441140593
22970.0,3.0,3,1713.4757207955463
22837.0,3.0,3,1660.6417501875155
22969.0,2.0,3,1702.752028525057
23124.0,3.0,3,1676.300018910913
22968.0,8.0,3,1749.3516563640821
22836.0,2.0,3,1773.131996242356
22770.0,6.0,3,1651.0496445345766
22967.0,7.0,3,1615.849217042549
22737.0,8.0,3,1601.369857307684
22966.0,6.0,3,1667.3259407597643
22835.0,8.0,3,1712.0948189827957
22965.0,5.0,3,1635.5256506073065
22964.0,4.0,3,1636.6810997317475
22834.0,7.0,3,1588.5571406660667
22769.0,5.0,3,1588.345382637474
23036.0,6.0,3,1645.1662673552614
22963.0,3.0,3,1630.8507243395782
22962.0,2.0,3,1556.6802590777556
22833.0,6.0,3,1708.518787568966
23126.0,5.0,3,1591.7954092477141
22961.0,8.0,3,1723.8585059204274
23127.0,6.0,3,1651.1489013831006
22832.0,5.0,3,1602.5455073773003
22768.0,4.0,3,1623.2726619691025
22959.0,6.0,3,1661.960163432586
22736.0,7.0,3,1722.919764926116
22720.0,5.0,3,1658.0922820308542
22958.0,5.0,3,1692.259295778366
22831.0,4.0,3,1705.2595121872728
22957.0,4.0,3,1667.1672851308751
22956.0,3.0,3,1679.7138012144817
22830.0,3.0,3,1579.7820564559463
22767.0,3.0,3,1660.4698007018383
22955.0,2.0,3,1758.1810425199574
22712.0,4.0,3,1632.379458230421
22954.0,8.0,3,1750.5563876844637
22829.0,2.0,3,1677.7767039937378
22953.0,7.0,3,1687.973734828081
22828.0,8.0,3,1620.8449821745833
22766.0,2.0,3,1568.4290018950223
23041.0,4.0,3,1657.227032305967
22951.0,5.0,3,1620.7407881928286
22735.0,6.0,3,1645.240609172033
23040.0,3.0,3,1690.0747160753044
22950.0,4.0,3,1628.881413242908
22827.0,7.0,3,1602.4918114197308
23132.0,4.0,3,1677.0858380284144
22949.0,3.0,3,1713.1276374122192
23042.0,5.0,3,1660.9334172778379
22948.0,2.0,3,1672.8057712768714
22826.0,6.0,3,1688.426742026057
22765.0,8.0,3,1762.2916812199871
22708.0,7.0,3,1683.4466993454048
22947.0,8.0,3,1568.094599332364
23043.0,6.0,3,1660.7567849620127
22946.0,7.0,3,1674.7414411691384
22825.0,5.0,3,1740.111282626083
22945.0,6.0,3,1655.111439241571
23134.0,6.0,3,1633.9630102111132
22731.0,2.0,3,1753.5935884159794
22944.0,5.0,3,1624.5283986597383
22824.0,4.0,3,1683.968246935146
22764.0,7.0,3,1584.9057138675037
22943.0,4.0,3,1657.2160046130148
23135.0,7.0,3,1645.3340544653522
22952.0,6.0,3,1622.0904476638825
22734.0,5.0,3,1556.7356049879902
23044.0,7.0,3,1655.7438781509534
22719.0,4.0,3,1581.190092144542
22942.0,3.0,3,1671.3787455960894
22823.0,3.0,3,1652.5206908295793
22941.0,2.0,3,1666.0635813207632
23136.0,8.0,3,1564.6447699664504
22940.0,8.0,3,1643.0946636536162
22822.0,2.0,3,1752.2739219664131
22763.0,6.0,3,1629.9621325435962
22939.0,7.0,3,1643.2724851152407
22938.0,6.0,3,1628.4677810772696
22821.0,8.0,3,1635.878311532128
23046.0,2.0,3,1636.8027049262548
22937.0,5.0,3,1667.3833840453576
22706.0,5.0,3,1835.5045482700375
22936.0,4.0,3,1655.537827450777
22820.0,7.0,3,1571.611774185091
22762.0,5.0,3,1621.3081523444782
22935.0,3.0,3,1614.389289074569
22733.0,4.0,3,1686.301510907436
23128.0,7.0,3,1646.1814792440339
22934.0,2.0,3,1758.774644245218
22819.0,6.0,3,1650.877704211852
22933.0,8.0,3,1772.837785316556
23048.0,4.0,3,1623.8859939394167
23139.0,4.0,3,1667.5864982450412
22932.0,7.0,3,1655.981129497661
22818.0,5.0,3,1593.246391432399
22761.0,4.0,3,1671.5622292718874
22931.0,6.0,3,1629.0487264042754
22930.0,5.0,3,1645.9599512326063
22817.0,4.0,3,1566.5284768332385
22929.0,4.0,3,1685.4329610686718
23140.0,5.0,3,1532.8259559566843
23049.0,5.0,3,1639.292167925012
22928.0,3.0,3,1669.6500742180972
22816.0,3.0,3,1664.684296753028
23142.0,7.0,3,1652.1673821455524
22960.0,7.0,3,1674.1500372375951
22760.0,3.0,3,1710.6608641201499
22927.0,2.0,3,1534.8233397395493
23052.0,8.0,3,1748.3223668571277
23149.0,7.0,3,1586.7943634162443
22926.0,8.0,3,1712.4934522915257
22815.0,2.0,3,1583.968341169938
22718.0,3.0,3,1643.3348187931683
22925.0,7.0,3,1594.4776961271027
23144.0,2.0,3,1588.382364318045
22924.0,6.0,3,1663.0908796498093
22814.0,8.0,3,1543.1360894423879
23143.0,8.0,3,1639.7369920394383
22759.0,2.0,3,1740.653655050538
23054.0,3.0,3,1640.8635512355972
22923.0,5.0,3,1687.4249398781335
23141.0,6.0,3,1604.3385138390047
23145.0,3.0,3,1700.0587808903806
22922.0,4.0,3,1635.7157168633787
22813.0,7.0,3,1627.382576301612
22711.0,3.0,3,1613.6207661421524
23138.0,3.0,3,1665.5169139972857
22921.0,3.0,3,1662.2420964725977
23137.0,2.0,3,1741.4480533519127
23147.0,5.0,3,1628.7533943134413
23056.0,5.0,3,1607.0230450588076
22920.0,2.0,3,1599.3214485366443
22812.0,6.0,3,1685.8056676595622
22758.0,8.0,3,1562.1240684722081
23146.0,4.0,3,1612.108785481869
22919.0,8.0,3,1677.5953408495961
23133.0,5.0,3,1657.6629634297065
23148.0,6.0,3,1725.0460266515565
22918.0,7.0,3,1626.4766974076413
22811.0,5.0,3,1585.0899731498469
23059.0,8.0,3,1696.6662707115277
23131.0,3.0,3,1609.308385233687
23130.0,2.0,3,1658.8575506989
22917.0,6.0,3,1683.6204595850645
23129.0,8.0,3,1654.047999384228
22732.0,3.0,3,1614.1878843806257
22916.0,5.0,3,1592.7950334898965
22810.0,4.0,3,1631.8483742421126
23150.0,8.0,3,1732.3707214618128
22757.0,7.0,3,1653.580598115226
23060.0,2.0,3,1466.0123852482172
22915.0,4.0,3,1653.3922863086611
23125.0,4.0,3,1627.2178120411722
23062.0,4.0,3,1685.6642444271163
22914.0,3.0,3,1747.0071720197575
22809.0,3.0,3,1697.602476333047
23152.0,3.0,3,1653.449788953131
23153.0,4.0,3,1592.069396167617
23122.0,8.0,3,1701.8975738760998
22913.0,2.0,3,1585.3034399869887
23121.0,7.0,3,1648.4871340588807
23151.0,2.0,3,1625.4939315285467
23154.0,5.0,3,1657.00897679634
22912.0,8.0,3,1689.647128665957
22808.0,2.0,3,1716.2452070185743
23119.0,5.0,3,1690.2214237397607
22756.0,6.0,3,1698.1415058057798
23064.0,6.0,3,1663.0491794007648
22730.0,8.0,3,1630.906197399961
22911.0,7.0,3,1673.793200173994
23155.0,6.0,3,12.0
23117.0,3.0,3,1596.3806969090238
23106.0,6.0,3,1692.8592377091004
22910.0,6.0,3,1655.3659418295974
22807.0,8.0,3,1559.6097277070992
22705.0,4.0,3,2162.1206779708555
23115.0,8.0,3,1735.5716297130607
22717.0,2.0,3,1759.2300576904888
23114.0,7.0,3,1659.8132952429894
22909.0,5.0,3,1536.0005765492479
23016.0,7.0,3,1626.2699176476167
23114.0,7.0,1,777.5857347227799
22909.0,5.0,1,752.1201971424183
23113.0,6.0,1,755.2484843809392
23112.0,5.0,1,758.2761844960191
22908.0,4.0,1,708.2872846246954
23111.0,4.0,1,764.43217184962
22730.0,8.0,1,858.6563327324301
23110.0,3.0,1,733.853409328498
22907.0,3.0,1,780.8146090847416
23109.0,2.0,1,792.3855827494255
22755.0,5.0,1,753.0623724318176
23108.0,8.0,1,733.9539964519388
22906.0,2.0,1,841.2311330844682
23107.0,7.0,1,756.1906596703385
22805.0,6.0,1,781.8573714975819
23106.0,6.0,1,780.7140219613008
22905.0,8.0,1,767.7616333350223
23105.0,5.0,1,761.3038846110991
23104.0,4.0,1,736.0395212776192
22904.0,7.0,1,735.7377599072965
23103.0,3.0,1,796.1542839070232
22804.0,5.0,1,741.7931601374565
22717.0,2.0,1,862.827382383791
23102.0,2.0,1,764.9351074668243
22903.0,6.0,1,771.5303344926201
23101.0,8.0,1,829.0197455007076
23100.0,7.0,1,812.3355468952632
22902.0,5.0,1,787.8121846043009
23099.0,6.0,1,757.1328349597378
22803.0,4.0,1,800.1241593115024
23098.0,5.0,1,825.6902840153049
22901.0,4.0,1,746.2659711591402
23097.0,4.0,1,726.6546595620568
23096.0,3.0,1,754.2057219680988
22900.0,3.0,1,756.2912467937795
23095.0,2.0,1,818.0522945766689
22729.0,7.0,1,763.2888223133389
23094.0,8.0,1,753.5653080490221
22899.0,2.0,1,841.5328944547908
23093.0,7.0,1,778.5279100121793
22753.0,3.0,1,712.3577471526155
23092.0,6.0,1,776.6435594333805
22898.0,8.0,1,854.8876315748325
23091.0,5.0,1,725.6118971492164
22801.0,2.0,1,717.7727334636987
23090.0,4.0,1,737.9238718564181
22897.0,7.0,1,728.6395972642964
23089.0,3.0,1,732.8106469156576
23088.0,2.0,1,734.0545835753795
22896.0,6.0,1,815.3632470103429
23087.0,8.0,1,701.4908833520178
22800.0,8.0,1,737.2834579373414
23086.0,7.0,1,798.0386344858218
22895.0,5.0,1,801.0663346009018
23085.0,6.0,1,782.7995467869814
23084.0,5.0,1,727.5968348514563
22894.0,4.0,1,756.2912467937795
23083.0,4.0,1,732.8106469156575
22799.0,7.0,1,784.784484489221
23082.0,3.0,1,709.2294599140948
22893.0,3.0,1,770.5881592032206
23081.0,2.0,1,899.6627193819548
23080.0,8.0,1,710.6745708206986
22892.0,2.0,1,747.5099078188622
23079.0,7.0,1,757.2334220831788
22728.0,6.0,1,777.5857347227799
22798.0,6.0,1,780.6134348378599
23078.0,6.0,1,806.1795595416623
22891.0,8.0,1,682.0807460018164
23077.0,5.0,1,768.5026343775403
22751.0,8.0,1,852.2991711319477
23076.0,4.0,1,707.244522211855
22890.0,7.0,1,734.6949974944562
23075.0,3.0,1,787.8121846043008
22797.0,5.0,1,732.6094726687759
23074.0,2.0,1,780.174195165665
22889.0,6.0,1,745.122621622859
23073.0,8.0,1,760.6634706920222
23072.0,7.0,1,754.2057219680988
22888.0,5.0,1,757.3340092066197
23071.0,6.0,1,751.077434729578
22796.0,4.0,1,729.7829468005775
22716.0,8.0,1,784.7844844892211
23070.0,5.0,1,750.2358465636195
22887.0,4.0,1,770.5881592032206
23069.0,4.0,1,716.5287968039767
22750.0,7.0,1,810.2500220695824
22752.0,2.0,1,750.5376079339422
23068.0,3.0,1,781.857371497582
22886.0,3.0,1,773.7164464417415
23067.0,2.0,1,872.2122440993537
22795.0,3.0,1,770.5881592032206
23066.0,8.0,1,807.6246704482661
22885.0,2.0,1,824.1076948068286
22706.0,5.0,1,885.4026981509451
23065.0,7.0,1,772.6736840289012
23064.0,6.0,1,809.2072596567423
22884.0,8.0,1,724.770308983258
23063.0,5.0,1,745.0220344994183
22727.0,5.0,1,759.1177726619777
22794.0,2.0,1,745.4243829931818
23062.0,4.0,1,716.4282096805358
22883.0,7.0,1,787.8121846043009
23061.0,3.0,1,736.8811094435777
22749.0,6.0,1,780.6134348378599
23060.0,2.0,1,805.740319869467
22882.0,6.0,1,796.9958720729815
23059.0,8.0,1,798.6421572264671
22793.0,8.0,1,794.3705204516652
23058.0,7.0,1,747.006972201658
22881.0,5.0,1,745.9642097888176
23057.0,6.0,1,701.1891219816953
23056.0,5.0,1,736.9816965670186
22880.0,4.0,1,750.1352594401785
23055.0,4.0,1,745.9642097888175
22792.0,7.0,1,780.6134348378598
23054.0,3.0,1,775.7013841439812
22879.0,3.0,1,765.4749342624601
23053.0,2.0,1,833.3919693989503
22748.0,5.0,1,778.5279100121792
23052.0,8.0,1,814.7228330912662
22878.0,2.0,1,718.8154958765391
23051.0,7.0,1,751.077434729578
22791.0,6.0,1,816.4060094231833
22710.0,2.0,1,812.4361340187041
23050.0,6.0,1,774.4574474842591
22877.0,8.0,1,805.4385584991446
23049.0,5.0,1,775.6007970205402
23048.0,4.0,1,769.5453967903806
22876.0,7.0,1,737.8232847329771
23047.0,3.0,1,791.983234255662
22726.0,4.0,1,765.3743471390193
22790.0,5.0,1,738.9666342692584
23046.0,2.0,1,827.2359820453496
22875.0,6.0,1,727.5968348514562
23045.0,8.0,1,745.2232087462999
22747.0,4.0,1,782.7995467869811
23044.0,7.0,1,719.3553226721748
22874.0,5.0,1,750.0346723167379
23043.0,6.0,1,739.9088095586578
22789.0,4.0,1,705.2595845096155
22802.0,3.0,1,743.9792720865779
23042.0,5.0,1,748.0497346144982
22873.0,4.0,1,771.630921616061
23041.0,4.0,1,774.6586217311409
23040.0,3.0,1,771.6309216160608
22872.0,3.0,1,770.5881592032205
23039.0,2.0,1,808.7680199845473
22788.0,3.0,1,795.9531096601413
22715.0,7.0,1,751.9190228955366
23038.0,8.0,1,806.6824951588669
22871.0,2.0,1,824.1076948068286
23037.0,7.0,1,730.7251220899772
22746.0,3.0,1,755.2484843809392
23036.0,6.0,1,755.2484843809391
22870.0,8.0,1,788.1139459746236
23035.0,5.0,1,753.2635466786995
22787.0,2.0,1,771.091094820425
23034.0,4.0,1,761.4044717345398
22869.0,7.0,1,760.2611221982588
23033.0,3.0,1,788.955534140582
23032.0,2.0,1,834.1329704414679
22868.0,6.0,1,766.4171095518594
23031.0,8.0,1,795.4132828645055
22725.0,3.0,1,788.854947017141
22786.0,8.0,1,844.258833199548
23030.0,7.0,1,776.5429723099396
22867.0,5.0,1,747.006972201658
23029.0,6.0,1,761.3038846110992
22745.0,2.0,1,759.9224696495046
23028.0,5.0,1,755.2484843809393
22866.0,4.0,1,836.0173210202668
23027.0,4.0,1,779.6712595484604
22785.0,7.0,1,755.2484843809391
23026.0,3.0,1,796.9958720729815
22865.0,3.0,1,761.3038846110991
23025.0,2.0,1,803.453620796905
22754.0,4.0,1,769.4448096669392
23024.0,8.0,1,748.5526702317026
22864.0,2.0,1,872.011069852472
23023.0,7.0,1,773.5152721948597
22784.0,6.0,1,784.784484489221
23022.0,6.0,1,766.4171095518597
22863.0,8.0,1,859.7996822687114
23021.0,5.0,1,751.178021853019
22744.0,8.0,1,780.073608042224
23020.0,4.0,1,803.2524465500233
22862.0,7.0,1,815.4638341337838
23019.0,3.0,1,778.5279100121793
22783.0,5.0,1,770.5881592032207
23018.0,2.0,1,789.4584697577864
22861.0,6.0,1,834.7733843605447
23017.0,8.0,1,773.9176206886233
23016.0,7.0,1,726.5540724386158
22860.0,5.0,1,752.0196100189775
23015.0,6.0,1,769.4448096669395
22724.0,2.0,1,842.1733083738675
22782.0,4.0,1,750.1352594401787
22707.0,6.0,1,796.7946978260999
23014.0,5.0,1,804.1946218394226
22859.0,4.0,1,782.7995467869813
23013.0,4.0,1,768.4020472540992
22743.0,7.0,1,733.7528222050568
23012.0,3.0,1,764.3315847261789
22858.0,3.0,1,775.6007970205403
23011.0,2.0,1,793.5289322857066
22781.0,3.0,1,758.3767716194601
23010.0,8.0,1,769.8471581607029
22857.0,2.0,1,745.5249701166227
23009.0,7.0,1,724.5691347363762
23008.0,6.0,1,758.1755973725783
22856.0,8.0,1,797.3982205667453
23007.0,5.0,1,707.2445222118552
22780.0,2.0,1,785.2874201064254
22714.0,6.0,1,832.5872724114232
23006.0,4.0,1,755.2484843809392
22855.0,7.0,1,743.8786849631371
23005.0,3.0,1,767.4598719646999
22742.0,6.0,1,798.9808097752211
22806.0,7.0,1,810.2500220695823
23004.0,2.0,1,766.819458045623
22854.0,6.0,1,714.2420977314143
23003.0,8.0,1,726.1148327664208
22779.0,8.0,1,875.0387699675517
23002.0,7.0,1,783.7417220763806
22853.0,5.0,1,745.0220344994182
23001.0,6.0,1,691.8042602661328
23000.0,5.0,1,748.0497346144982
22852.0,4.0,1,747.006972201658
22999.0,4.0,1,735.8383470307375
22723.0,8.0,1,803.0512723031414
22778.0,7.0,1,755.248484380939
22998.0,3.0,1,781.7567843741409
22851.0,3.0,1,735.8383470307375
22997.0,2.0,1,711.8179203569797
22741.0,5.0,1,781.5556101272593
22996.0,8.0,1,771.9326829863835
22850.0,2.0,1,803.9565564141094
22995.0,7.0,1,805.1367971288222
22777.0,6.0,1,796.9958720729816
22994.0,6.0,1,751.178021853019
22849.0,8.0,1,790.5012321706268
22993.0,5.0,1,754.2057219680989
22992.0,4.0,1,755.1478972574982
22848.0,7.0,1,784.784484489221
22991.0,3.0,1,762.3466470239392
22776.0,5.0,1,756.2912467937795
22990.0,2.0,1,805.6397327460264
22847.0,6.0,1,711.3149847397752
22989.0,8.0,1,745.4243829931816
22740.0,4.0,1,753.062372431818
22988.0,7.0,1,786.8700093149015
22846.0,5.0,1,749.0924970273383
22987.0,6.0,1,744.9214473759773
22775.0,4.0,1,797.0964591964225
22709.0,8.0,1,793.7669977110199
22986.0,5.0,1,733.652235081616
22845.0,4.0,1,743.979272086578
22985.0,4.0,1,748.0497346144982
22984.0,3.0,1,759.3189469088594
22844.0,3.0,1,748.9919099038974
22983.0,2.0,1,810.752957686787
22722.0,7.0,1,733.6522350816161
22774.0,3.0,1,776.6435594333806
22982.0,8.0,1,733.1124082859802
22843.0,2.0,1,763.7917579305431
22981.0,7.0,1,774.4574474842592
22739.0,3.0,1,743.878684963137
22980.0,6.0,1,740.7503977246163
22842.0,8.0,1,733.4141696563029
22979.0,5.0,1,715.3854472676957
22773.0,2.0,1,796.3554581539048
22978.0,4.0,1,767.5604590881408
22841.0,7.0,1,810.3506091930234
22977.0,3.0,1,746.0647969122584
22976.0,2.0,1,757.7363577003833
22840.0,6.0,1,780.61343483786
22975.0,8.0,1,742.296095754661
22772.0,8.0,1,758.5779458663419
22713.0,5.0,1,821.2174729936212
22974.0,7.0,1,731.6672973793765
22839.0,5.0,1,770.5881592032206
22973.0,6.0,1,769.5453967903804
22738.0,2.0,1,865.8550824988711
22972.0,5.0,1,771.53033449262
22838.0,4.0,1,752.2207842658592
22971.0,4.0,1,791.0410589662625
22771.0,7.0,1,779.5706724250194
22970.0,3.0,1,767.5604590881408
22837.0,3.0,1,754.3063090915398
22969.0,2.0,1,857.7141574430306
22968.0,8.0,1,751.6809574702233
22836.0,2.0,1,877.1242947932324
22967.0,7.0,1,795.010934370742
22721.0,6.0,1,791.8826471322211
22770.0,6.0,1,793.9681719579016
22966.0,6.0,1,706.2017597990147
22835.0,8.0,1,738.2256332267406
22965.0,5.0,1,766.4171095518595
22737.0,8.0,1,729.8835339240185
22964.0,4.0,1,743.9792720865777
22834.0,7.0,1,778.6284971356203
22963.0,3.0,1,771.7315087395017
22769.0,5.0,1,826.6324593047043
22962.0,2.0,1,745.4243829931818
22833.0,6.0,1,710.1716352034941
22961.0,8.0,1,815.8661826275475
22960.0,7.0,1,726.6546595620568
22832.0,5.0,1,812.335546895263
22959.0,6.0,1,709.2294599140948
22768.0,4.0,1,783.8423091998218
22958.0,5.0,1,757.3340092066197
22831.0,4.0,1,773.7164464417414
22957.0,4.0,1,768.5026343775401
22736.0,7.0,1,835.7155596499441
22956.0,3.0,1,768.5026343775401
22830.0,3.0,1,795.1115214941827
22955.0,2.0,1,792.2849956259846
22767.0,3.0,1,774.5580346077
22954.0,8.0,1,775.1615573483454
22829.0,2.0,1,790.4006450471858
22953.0,7.0,1,768.4020472540991
22952.0,6.0,1,791.983234255662
22828.0,8.0,1,744.3816205803414
22951.0,5.0,1,750.0346723167378
22720.0,5.0,1,832.5872724114233
22766.0,2.0,1,805.7403198694673
22950.0,4.0,1,777.58573472278
22827.0,7.0,1,748.9919099038976
22949.0,3.0,1,793.126583791943
22735.0,6.0,1,773.414685071419
22948.0,2.0,1,818.8938827426275
22826.0,6.0,1,824.6475216024645
22947.0,8.0,1,760.6634706920222
22765.0,8.0,1,784.9856587361028
22946.0,7.0,1,766.5176966753005
22825.0,5.0,1,731.6672973793765
22945.0,6.0,1,783.8423091998216
22944.0,5.0,1,795.0109343707418
22824.0,4.0,1,689.9199096873339
22943.0,4.0,1,774.6586217311409
22764.0,7.0,1,797.9380473623811
22712.0,4.0,1,757.0322478362971
22942.0,3.0,1,770.4875720797799
22823.0,3.0,1,757.2334220831788
22941.0,2.0,1,783.101308157304
22734.0,5.0,1,852.9395850510242
22940.0,8.0,1,789.2572955109047
22822.0,2.0,1,759.721295402623
22939.0,7.0,1,791.9832342556621
22763.0,6.0,1,776.5429723099396
22938.0,6.0,1,759.2183597854184
22821.0,8.0,1,782.1591328679044
22937.0,5.0,1,793.9681719579016
22936.0,4.0,1,779.7718466719014
22820.0,7.0,1,762.4472341473802
22935.0,3.0,1,746.0647969122585
22719.0,4.0,1,741.8937472608973
22762.0,5.0,1,801.0663346009019
22934.0,2.0,1,832.34920698611
22819.0,6.0,1,732.7100597922167
22933.0,8.0,1,756.5930081641021
22733.0,4.0,1,777.5857347227799
22932.0,7.0,1,742.9365096737375
22818.0,5.0,1,743.979272086578
22931.0,6.0,1,749.9340851932969
22761.0,4.0,1,773.6158593183006
22930.0,5.0,1,714.443271978296
23155.0,6.0,1,4.0
22817.0,4.0,1,814.4210717209436
23154.0,5.0,1,707.6633352102924
22929.0,4.0,1,728.6395972642964
23153.0,4.0,1,768.4020472540992
23152.0,3.0,1,745.9642097888176
22928.0,3.0,1,753.1629595552587
23151.0,2.0,1,744.3816205803414
22816.0,3.0,1,786.9705964383423
23150.0,8.0,1,707.7474578290595
22927.0,2.0,1,880.2525820317531
23149.0,7.0,1,825.589696891864
23148.0,6.0,1,792.9254095450613
22926.0,8.0,1,767.8622204584634
23147.0,5.0,1,762.2460599004986
22815.0,2.0,1,806.3807337885441
23146.0,4.0,1,777.7869089696618
22925.0,7.0,1,761.40447173454
23145.0,3.0,1,768.4020472540992
23144.0,2.0,1,743.3388581675011
22924.0,6.0,1,774.6586217311409
23143.0,8.0,1,710.7751579441393
22732.0,3.0,1,778.7290842590611
22814.0,8.0,1,765.9778698796645
22708.0,7.0,1,830.4011604623017
23142.0,7.0,1,768.5026343775401
22923.0,5.0,1,805.136797128822
23141.0,6.0,1,767.4598719646998
22759.0,2.0,1,800.7276820521477
23140.0,5.0,1,764.43217184962
22922.0,4.0,1,732.7100597922166
23139.0,4.0,1,747.1075593250988
22813.0,7.0,1,759.2183597854186
23138.0,3.0,1,728.6395972642965
22921.0,3.0,1,737.923871856418
23137.0,2.0,1,835.3769071011899
23136.0,8.0,1,705.4607587564972
22920.0,2.0,1,828.2787444581897
23135.0,7.0,1,795.0109343707421
22760.0,3.0,1,746.9063850782169
22812.0,6.0,1,793.8675848344609
22718.0,3.0,1,748.9919099038974
23134.0,6.0,1,766.4171095518595
22919.0,8.0,1,768.8043957478627
23133.0,5.0,1,729.6823596771369
22758.0,8.0,1,778.8296713825019
23132.0,4.0,1,754.2057219680989
22918.0,7.0,1,786.8700093149014
23131.0,3.0,1,801.2675088477836
22811.0,5.0,1,769.4448096669396
23130.0,2.0,1,817.9517074532279
22917.0,6.0,1,775.6007970205402
23129.0,8.0,1,849.5732323871904
23128.0,7.0,1,762.3466470239395
22916.0,5.0,1,762.3466470239393
23127.0,6.0,1,773.6158593183006
22731.0,2.0,1,794.3705204516651
22810.0,4.0,1,722.6847841575774
23126.0,5.0,1,805.136797128822
22915.0,4.0,1,814.6222459678254
23125.0,4.0,1,749.1930841507794
22757.0,7.0,1,796.0536967835823
23124.0,3.0,1,735.8383470307375
22914.0,3.0,1,804.1946218394228
23123.0,2.0,1,849.4726452637493
22809.0,3.0,1,761.4044717345399
23122.0,8.0,1,754.5074833384215
22913.0,2.0,1,745.4243829931817
23121.0,7.0,1,770.4875720797797
23120.0,6.0,1,741.8937472608973
22912.0,8.0,1,730.0847081709003
23119.0,5.0,1,697.9602476197335
22808.0,2.0,1,798.7427443499081
23118.0,4.0,1,744.0798592100189
22911.0,7.0,1,760.2611221982588
23117.0,3.0,1,734.7955846178971
22756.0,6.0,1,773.5152721948598
23116.0,2.0,1,786.1290082723839
22910.0,6.0,1,799.0813968986621
23115.0,8.0,1,783.0007210338631
22807.0,8.0,1,931.0830700690356
22711.0,3.0,1,789.6965351830996
22705.0,4.0,1,1100.057558539445
23113.0,6.0,4,701.8381167935703
22908.0,4.0,4,721.5006345258969
22806.0,7.0,4,695.3270730933732
22755.0,5.0,4,722.7496955916114
23111.0,4.0,4,690.5861358042688
23110.0,3.0,4,754.7976860417758
22907.0,3.0,4,672.2175331823754
23109.0,2.0,4,773.8029033462255
23108.0,8.0,4,631.1413841036073
22906.0,2.0,4,679.7930462669929
22805.0,6.0,4,686.9355291473257
23107.0,7.0,4,696.0085418206478
23106.0,6.0,4,718.0536123472255
22905.0,8.0,4,763.0995218983863
23105.0,5.0,4,773.1921499114104
22904.0,7.0,4,725.6291254318428
22804.0,5.0,4,743.6164203449339
22754.0,4.0,4,660.2392294210807
22729.0,7.0,4,667.4524275938734
23103.0,3.0,4,698.7740952720447
23102.0,2.0,4,742.391527578617
22903.0,6.0,4,723.9728954095848
23101.0,8.0,4,730.7323776327721
23100.0,7.0,4,664.1641358487549
22902.0,5.0,4,701.2015021110143
22803.0,4.0,4,717.3272895752324
23099.0,6.0,4,711.2492760793198
23098.0,5.0,4,702.699001699719
22901.0,4.0,4,642.8643808911481
23097.0,4.0,4,724.9028026598496
23096.0,3.0,4,711.2492760793195
22900.0,3.0,4,669.3122420944029
22802.0,3.0,4,702.9025861779909
22753.0,3.0,4,664.9353126654667
23095.0,2.0,4,758.1998541757288
23094.0,8.0,4,730.9169693140665
22899.0,2.0,4,760.3788224917082
23093.0,7.0,4,669.7901263434059
23092.0,6.0,4,699.2519795210476
22898.0,8.0,4,751.0125172506772
22801.0,2.0,4,641.0545959377571
23091.0,5.0,4,716.8752665739705
23090.0,4.0,4,696.0982499100849
22897.0,7.0,4,695.530657571645
23089.0,3.0,4,688.1845902130403
22896.0,6.0,4,697.7096258876243
22800.0,8.0,4,695.2822190486547
22752.0,2.0,4,742.6848201463258
22728.0,6.0,4,679.1564315844367
22716.0,8.0,4,607.7575444218782
22710.0,2.0,4,562.0560273911835
22707.0,6.0,4,591.1090186639385
23087.0,8.0,4,811.5924536282189
23086.0,7.0,4,690.1789668477255
22895.0,5.0,4,709.0064609216442
23085.0,6.0,4,715.9005052789871
23084.0,5.0,4,693.0583966879568
22894.0,4.0,4,711.9755988513127
22799.0,7.0,4,641.3927425501844
23083.0,4.0,4,682.3101611953994
23082.0,3.0,4,748.6938112981222
22893.0,3.0,4,684.2596837853661
23081.0,2.0,4,788.9987835601788
22892.0,2.0,4,740.2384205103788
22798.0,6.0,4,697.7993339770615
22751.0,8.0,4,677.8625164740037
23079.0,7.0,4,659.787206419819
23078.0,6.0,4,723.6796028418761
22891.0,8.0,4,796.1222736435342
23077.0,5.0,4,673.7598868157986
23076.0,4.0,4,681.7874229016779
22890.0,7.0,4,698.0029184553331
22797.0,5.0,4,744.6360356846358
23075.0,3.0,4,698.7292412273263
23080.0,8.0,4,834.2741388373522
23074.0,2.0,4,753.3001864530711
22889.0,6.0,4,707.553815377658
23073.0,8.0,4,662.8512279413446
23072.0,7.0,4,687.5031214857659
22888.0,5.0,4,734.5434076716119
22796.0,4.0,4,730.5287931545004
22750.0,7.0,4,683.2849224903827
22727.0,5.0,4,667.9303118428763
23071.0,6.0,4,700.2267408160309
23070.0,5.0,4,716.8752665739704
22887.0,4.0,4,674.4603483400508
23069.0,4.0,4,691.0640200532717
23068.0,3.0,4,764.1191372380881
22886.0,3.0,4,719.3026734129401
22795.0,3.0,4,743.3421205742026
23067.0,2.0,4,722.0475411190159
23066.0,8.0,4,658.67788299068
22885.0,2.0,4,804.2395178188505
23065.0,7.0,4,647.5156100908155
23064.0,6.0,4,721.2521960029065
22884.0,8.0,4,737.9007217608462
22794.0,2.0,4,702.2004317053951
22749.0,6.0,4,750.7140491805483
23063.0,5.0,4,736.9708145105812
23062.0,4.0,4,675.435109635034
22883.0,7.0,4,689.4526440757322
23061.0,3.0,4,721.5006345258969
23060.0,2.0,4,743.252412484766
22882.0,6.0,4,724.6543641368596
22793.0,8.0,4,763.9155527598164
23059.0,8.0,4,712.293059718419
23058.0,7.0,4,688.7263213037393
22881.0,5.0,4,694.8750500921115
23057.0,6.0,4,735.721753444867
23056.0,5.0,4,698.7292412273263
22880.0,4.0,4,687.4582674410473
22792.0,7.0,4,676.9326092237388
22748.0,5.0,4,645.8593800685576
22726.0,4.0,4,637.0158131212482
23088.0,2.0,4,783.1502157902788
22715.0,7.0,4,671.5809184998194
23055.0,4.0,4,668.5859193224097
23054.0,3.0,4,714.6514442132724
22879.0,3.0,4,675.5058249274938
23053.0,2.0,4,696.9384490709126
23052.0,8.0,4,763.303106376658
22878.0,2.0,4,780.9263934295809
22791.0,6.0,4,705.0815544939701
23051.0,7.0,4,680.0863388347016
23050.0,6.0,4,684.3045378300845
22877.0,8.0,4,721.7042190041685
23049.0,5.0,4,711.1595679898827
23048.0,4.0,4,735.428460877158
22876.0,7.0,4,660.7619677148023
22790.0,5.0,4,724.4956337033065
22747.0,4.0,4,653.1416005854662
23047.0,3.0,4,709.0254537186219
23046.0,2.0,4,820.1875820525379
22875.0,6.0,4,674.734648110782
23045.0,8.0,4,735.7217534448669
23044.0,7.0,4,667.6560120721451
22874.0,5.0,4,689.4526440757322
22789.0,4.0,4,685.2344450803494
23043.0,6.0,4,720.7294577091852
23042.0,5.0,4,717.8500278689538
22873.0,4.0,4,699.207125476329
23041.0,4.0,4,658.2897068311141
23040.0,3.0,4,757.269946925464
22872.0,3.0,4,665.66163543746
22788.0,3.0,4,674.167055772342
22746.0,3.0,4,745.7695274131722
22725.0,3.0,4,677.9073705187221
23039.0,2.0,4,729.2348780440673
23038.0,8.0,4,782.7171855859943
22871.0,2.0,4,748.7438408452608
23037.0,7.0,4,678.3852547677251
23036.0,6.0,4,713.7663910077263
22870.0,8.0,4,767.7507510980538
22787.0,2.0,4,749.649579796128
23035.0,5.0,4,699.0035409980575
23034.0,4.0,4,694.0590192306813
22869.0,7.0,4,679.4048701074269
23033.0,3.0,4,713.6766829182893
23032.0,2.0,4,713.7905593071238
22868.0,6.0,4,731.5035544494839
22786.0,8.0,4,714.038997830114
22745.0,2.0,4,758.4482926987189
23031.0,8.0,4,706.5083387902151
23030.0,7.0,4,682.8070382413798
22867.0,5.0,4,676.6841707007486
23029.0,6.0,4,706.0563157889534
23028.0,5.0,4,704.1516472437054
22866.0,4.0,4,682.5585997183896
22785.0,7.0,4,726.1518637255642
23027.0,4.0,4,717.0788510522423
23026.0,3.0,4,709.7517764906149
22865.0,3.0,4,690.5861358042688
23025.0,2.0,4,704.6726925890832
23024.0,8.0,4,666.9106965031743
22864.0,2.0,4,727.6735316136666
22784.0,6.0,4,684.5081223083563
22744.0,8.0,4,784.0801230405436
22724.0,2.0,4,718.9645268005128
22714.0,6.0,4,692.9703815468635
22709.0,8.0,4,663.9605513704835
23023.0,7.0,4,631.1413841036073
23022.0,6.0,4,660.8068217595209
22863.0,8.0,4,716.9891429628051
23021.0,5.0,4,686.4835061460639
23020.0,4.0,4,689.1593515080236
22862.0,7.0,4,709.5930460570619
22783.0,5.0,4,692.357935163705
23019.0,3.0,4,701.1566480662958
23018.0,2.0,4,786.5972379689501
22861.0,6.0,4,679.3600160627083
23017.0,8.0,4,774.0772031169566
23016.0,7.0,4,706.3496083566621
22860.0,5.0,4,711.2941301240381
22782.0,4.0,4,673.2561413190546
23104.0,4.0,4,718.7799351192186
22743.0,7.0,4,654.6839542188895
23015.0,6.0,4,691.880050914702
23014.0,5.0,4,714.6514442132727
22859.0,4.0,4,699.7040025223095
23013.0,4.0,4,696.9833031156313
23012.0,3.0,4,726.4003022485545
22858.0,3.0,4,760.4685305811453
22781.0,3.0,4,747.2221729571586
23011.0,2.0,4,777.7278097738996
23010.0,8.0,4,747.3809033907116
22857.0,2.0,4,683.1503603562269
23009.0,7.0,4,644.4325957723124
23008.0,6.0,4,714.6514442132727
22856.0,8.0,4,703.2907623375567
22780.0,2.0,4,861.5121696542965
22742.0,6.0,4,729.4401554706824
22723.0,8.0,4,745.4762348454636
23007.0,5.0,4,653.1416005854663
23006.0,4.0,4,659.309322170816
22855.0,7.0,4,657.3149455361307
23005.0,3.0,4,744.9534965517421
23004.0,2.0,4,753.5744862238023
22854.0,6.0,4,709.5033379676248
22779.0,8.0,4,657.2700914914122
23003.0,8.0,4,769.903858166292
23002.0,7.0,4,670.8097416831076
22853.0,5.0,4,708.095546468357
23001.0,6.0,4,747.4706114801488
23000.0,5.0,4,689.7010825987225
22852.0,4.0,4,701.4050865892858
22778.0,7.0,4,702.221117450716
22741.0,5.0,4,689.2490595974607
22999.0,4.0,4,696.9833031156312
22998.0,3.0,4,666.6363967324431
22851.0,3.0,4,696.3018343883565
22997.0,2.0,4,770.1781579370231
22996.0,8.0,4,717.1927274410766
22850.0,2.0,4,758.8554616552622
22777.0,6.0,4,649.1718401130735
23112.0,5.0,4,707.8022539006483
22995.0,7.0,4,671.625772544538
22994.0,6.0,4,747.4257574354303
22849.0,8.0,4,667.5214499379895
22993.0,5.0,4,718.5763506409469
22992.0,4.0,4,691.0640200532717
22848.0,7.0,4,675.9578479287554
22776.0,5.0,4,726.6487407715446
22740.0,4.0,4,661.9851675327757
22722.0,7.0,4,648.0832024292555
22713.0,5.0,4,693.4672585928437
22991.0,3.0,4,693.5811349816784
22990.0,2.0,4,724.2455022319728
22847.0,6.0,4,759.9906463321422
22989.0,8.0,4,728.5085552720741
22988.0,7.0,4,710.229660739618
22846.0,5.0,4,733.2494925611786
22775.0,4.0,4,727.5786480218096
22987.0,6.0,4,723.7244568865947
22986.0,5.0,4,701.4050865892858
22845.0,4.0,4,682.5585997183896
22985.0,4.0,4,707.0310770839369
22984.0,3.0,4,762.8959374201147
22844.0,3.0,4,712.7467756680244
22774.0,3.0,4,726.4003022485546
22739.0,3.0,4,752.9378715412462
22983.0,2.0,4,679.0218694502813
22982.0,8.0,4,812.9502155803477
22843.0,2.0,4,794.3763355318391
22981.0,7.0,4,658.8124451248354
22980.0,6.0,4,691.1537281427087
22842.0,8.0,4,808.1005774048288
22773.0,2.0,4,740.0348360321069
22979.0,5.0,4,696.7797186373596
22978.0,4.0,4,675.1866711120439
22841.0,7.0,4,670.0834189111146
22977.0,3.0,4,671.5809184998193
22976.0,2.0,4,774.5292261182184
22840.0,6.0,4,669.312242094403
22772.0,8.0,4,769.1326813495805
22738.0,2.0,4,716.104089757259
22721.0,6.0,4,713.9958367337392
22975.0,8.0,4,747.3360493459932
22974.0,7.0,4,720.481019186195
22839.0,5.0,4,711.0008375563295
22973.0,6.0,4,705.4197011063972
22972.0,5.0,4,696.7797186373595
22838.0,4.0,4,707.7573998559299
22771.0,7.0,4,664.1641358487551
22971.0,4.0,4,625.470539564238
22970.0,3.0,4,714.1994212120109
22837.0,3.0,4,665.7513435268969
22969.0,2.0,4,726.4003022485545
22968.0,8.0,4,736.5878138534356
22836.0,2.0,4,722.863571980446
22770.0,6.0,4,761.6468763544003
22737.0,8.0,4,689.114497463305
22967.0,7.0,4,705.2851389722417
22966.0,6.0,4,724.9476567045682
22835.0,8.0,4,837.7660150607425
22965.0,5.0,4,706.1011698336719
22964.0,4.0,4,707.0759311286553
22834.0,7.0,4,669.8349803881243
22769.0,5.0,4,687.5479755304843
22963.0,3.0,4,737.6522832378558
22962.0,2.0,4,685.4190367616434
22833.0,6.0,4,732.1160008326423
22961.0,8.0,4,662.5769281706133
22960.0,7.0,4,637.2642516442385
22832.0,5.0,4,702.1762634059975
22768.0,4.0,4,693.3775505034066
22736.0,7.0,4,701.2015021110144
22720.0,5.0,4,640.985573593641
22712.0,4.0,4,580.6540757390899
22708.0,7.0,4,670.447426771283
22706.0,5.0,4,616.6269726169287
22705.0,4.0,4,764.1639912828067
22959.0,6.0,4,755.7724473367591
22958.0,5.0,4,725.2219564752995
22831.0,4.0,4,705.5784315399505
22957.0,4.0,4,687.7067059640374
22956.0,3.0,4,697.9132103658958
22830.0,3.0,4,699.6591484775909
22767.0,3.0,4,692.3130811189864
22955.0,2.0,4,773.5544648232352
22954.0,8.0,4,736.8811064211443
22829.0,2.0,4,766.2722443063266
22953.0,7.0,4,684.0560993070942
22952.0,6.0,4,697.461187364634
22828.0,8.0,4,676.5944626113114
22766.0,2.0,4,713.0452437381534
22735.0,6.0,4,702.9025861779908
22951.0,5.0,4,664.4125743717451
22950.0,4.0,4,668.3374807994195
22827.0,7.0,4,681.1059541744033
22949.0,3.0,4,681.8322769463965
22948.0,2.0,4,702.2711469978548
22826.0,6.0,4,711.2492760793197
22765.0,8.0,4,752.5548708841006
22947.0,8.0,4,720.6656108674889
22946.0,7.0,4,666.8848352554332
22825.0,5.0,4,688.6814672590208
22945.0,6.0,4,751.847540909085
22944.0,5.0,4,708.0506924236385
22824.0,4.0,4,684.5081223083562
22764.0,7.0,4,719.1180817316458
22734.0,5.0,4,648.7646711565301
22719.0,4.0,4,662.1007368699538
22943.0,4.0,4,685.7313221263296
22942.0,3.0,4,738.8754830558295
22823.0,3.0,4,746.4509961404469
22941.0,2.0,4,805.9664631335679
22940.0,8.0,4,828.5791259985855
22822.0,2.0,4,740.51272028111
22763.0,6.0,4,724.699218181578
22939.0,7.0,4,673.2820025667958
22938.0,6.0,4,677.1361937020105
22821.0,8.0,4,756.1796162933025
22937.0,5.0,4,746.6545806187186
22936.0,4.0,4,712.9055061015775
22820.0,7.0,4,671.5809184998192
22762.0,5.0,4,710.3193688290548
22733.0,4.0,4,679.1564315844367
22935.0,3.0,4,703.877347472974
22934.0,2.0,4,673.1922944773586
22819.0,6.0,4,755.7724473367592
22933.0,8.0,4,701.0669399768586
22932.0,7.0,4,682.355015240118
22818.0,5.0,4,731.299969971212
22761.0,4.0,4,698.2065029336047
22931.0,6.0,4,694.8043347996518
22930.0,5.0,4,708.3249921943698
22817.0,4.0,4,686.005621897061
23154.0,5.0,4,710.9025861779908
22929.0,4.0,4,728.1013863155308
23153.0,4.0,4,700.1818867713124
22928.0,3.0,4,729.5988859042357
22816.0,3.0,4,719.7995504589204
22760.0,3.0,4,703.6737629947022
22732.0,3.0,4,725.1771024305808
22718.0,3.0,4,689.9753823694539
22711.0,3.0,4,653.5504624903531
23151.0,2.0,4,751.8285481121075
23150.0,8.0,4,697.8683563211774
22927.0,2.0,4,640.3282731657639
23149.0,7.0,4,651.4405165184897
23148.0,6.0,4,739.8950983955314
22926.0,8.0,4,707.7573998559297
22815.0,2.0,4,705.2851389722417
23147.0,5.0,4,752.1666947245346
23146.0,4.0,4,649.6945784067949
22925.0,7.0,4,680.0863388347015
23145.0,3.0,4,744.7499120734705
23144.0,2.0,4,740.735297556359
22924.0,6.0,4,698.7292412273262
22814.0,8.0,4,658.9711755583888
22759.0,2.0,4,739.5120977383855
23143.0,8.0,4,748.3556646856948
23142.0,7.0,4,686.4835061460639
22923.0,5.0,4,687.4582674410472
23141.0,6.0,4,674.9382325890537
23140.0,5.0,4,669.40195018384
22922.0,4.0,4,663.9605513704835
22813.0,7.0,4,670.5613031601175
23139.0,4.0,4,669.2673880496843
23138.0,3.0,4,745.4762348454635
22921.0,3.0,4,738.9203371005481
23137.0,2.0,4,803.6529326834332
23136.0,8.0,4,703.309755134534
22920.0,2.0,4,748.7886948899793
22812.0,6.0,4,710.229660739618
22758.0,8.0,4,715.3777669852657
22731.0,2.0,4,781.9011547245641
23135.0,7.0,4,643.1386806618794
23134.0,6.0,4,743.2075584400471
22919.0,8.0,4,709.7517764906148
23133.0,5.0,4,708.7770151956316
23132.0,4.0,4,692.3579351637047
22918.0,7.0,4,716.1937978466959
22811.0,5.0,4,716.1489438019773
23131.0,3.0,4,723.7244568865947
23130.0,2.0,4,745.4313808007449
22917.0,6.0,4,707.7573998559299
23129.0,8.0,4,814.4718834684502
23128.0,7.0,4,648.286786907527
22916.0,5.0,4,752.2115487692533
22810.0,4.0,4,742.3225052345008
22757.0,7.0,4,670.1282729558332
23127.0,6.0,4,716.1040897572589
23126.0,5.0,4,748.923257024135
22915.0,4.0,4,649.2615482025105
23125.0,4.0,4,692.8548122096851
23124.0,3.0,4,669.1086576161313
22914.0,3.0,4,737.9007217608462
22809.0,3.0,4,714.9257439840037
23123.0,2.0,4,767.1124434671542
23122.0,8.0,4,790.2926986706119
22913.0,2.0,4,724.1764798878564
23121.0,7.0,4,716.1040897572589
23120.0,6.0,4,748.1520802074235
23152.0,3.0,4,686.6870906243355
22912.0,8.0,4,787.527145219215
22808.0,2.0,4,800.6579335060235
22756.0,6.0,4,646.5857028405508
22730.0,8.0,4,682.035861424668
22717.0,2.0,4,680.1553611788174
23119.0,5.0,4,693.1291119804166
23118.0,4.0,4,711.6564450358629
22911.0,7.0,4,661.5331445315139
23117.0,3.0,4,700.9530635880241
23116.0,2.0,4,698.4808027043358
22910.0,6.0,4,684.259683785366
22807.0,8.0,4,692.2872198712452
23115.0,8.0,4,749.0819874576882
23114.0,7.0,4,714.8998827362628
22909.0,5.0,4,666.4328122541714
