0,5,1489445.0,1489445.0,4190.0,154425.0,154425.0,4190.0,22711.0,4190.0
0,5,1684340.0,1684340.0,4190.0,154425.0,154425.0,4190.0,22718.0,4190.0
0,5,1875525.0,1875525.0,4190.0,154425.0,154425.0,4190.0,22725.0,4190.0
0,5,1888560.0,1888560.0,4190.0,154425.0,154425.0,4190.0,22732.0,4190.0
0,5,2001980.0,2001980.0,4189.0,154365.0,154365.0,4189.0,22739.0,4189.0
0,5,2120935.0,2120935.0,4189.0,154540.0,154540.0,4189.0,22746.0,4189.0
0,5,2163820.0,2163820.0,4189.0,154565.0,154565.0,4189.0,22753.0,4189.0
0,5,2166630.0,2166630.0,4189.0,154565.0,154565.0,4189.0,22760.0,4189.0
0,5,2220140.0,2220140.0,4189.0,154565.0,154565.0,4189.0,22767.0,4189.0
0,5,2277860.0,2277860.0,4189.0,154565.0,154565.0,4189.0,22774.0,4189.0
0,5,2269945.0,2269945.0,4189.0,154565.0,154565.0,4189.0,22781.0,4189.0
0,5,2320455.0,2320455.0,4189.0,154565.0,154565.0,4189.0,22788.0,4189.0
0,5,2338105.0,2338105.0,4189.0,154565.0,154565.0,4189.0,22795.0,4189.0
0,5,2286035.0,2286035.0,4189.0,154565.0,154565.0,4189.0,22802.0,4189.0
0,5,2316730.0,2316730.0,4189.0,154565.0,154565.0,4189.0,22809.0,4189.0
0,5,2285350.0,2285350.0,4189.0,154565.0,154565.0,4189.0,22816.0,4189.0
0,5,2358865.0,2358865.0,4189.0,154565.0,154565.0,4189.0,22823.0,4189.0
0,5,2295100.0,2295100.0,4189.0,154565.0,154565.0,4189.0,22830.0,4189.0
0,5,2338570.0,2338570.0,4189.0,154565.0,154565.0,4189.0,22837.0,4189.0
0,5,2367625.0,2367625.0,4189.0,154565.0,154565.0,4189.0,22844.0,4189.0
0,5,2312925.0,2312925.0,4189.0,154565.0,154565.0,4189.0,22851.0,4189.0
0,5,2345665.0,2345665.0,4189.0,154565.0,154565.0,4189.0,22858.0,4189.0
0,5,2303120.0,2303120.0,4189.0,154565.0,154565.0,4189.0,22865.0,4189.0
0,5,2349055.0,2349055.0,4189.0,154565.0,154565.0,4189.0,22872.0,4189.0
0,5,2280290.0,2280290.0,4189.0,154565.0,154565.0,4189.0,22879.0,4189.0
0,5,2341885.0,2341885.0,4189.0,154565.0,154565.0,4189.0,22886.0,4189.0
0,5,2337000.0,2337000.0,4189.0,154565.0,154565.0,4189.0,22893.0,4189.0
0,5,2334365.0,2334365.0,4189.0,154565.0,154565.0,4189.0,22900.0,4189.0
0,5,2350150.0,2350150.0,4189.0,154565.0,154565.0,4189.0,22907.0,4189.0
0,5,2368430.0,2368430.0,4189.0,154565.0,154565.0,4189.0,22914.0,4189.0
0,5,2331470.0,2331470.0,4189.0,154565.0,154565.0,4189.0,22921.0,4189.0
0,5,2349685.0,2349685.0,4189.0,154565.0,154565.0,4189.0,22928.0,4189.0
0,5,2366365.0,2366365.0,4189.0,154565.0,154565.0,4189.0,22935.0,4189.0
0,5,2381865.0,2381865.0,4189.0,154565.0,154565.0,4189.0,22942.0,4189.0
0,5,2392255.0,2392255.0,4189.0,154565.0,154565.0,4189.0,22949.0,4189.0
0,5,2405450.0,2405450.0,4189.0,154565.0,154565.0,4189.0,22956.0,4189.0
0,5,2344325.0,2344325.0,4189.0,154565.0,154565.0,4189.0,22963.0,4189.0
0,5,2353590.0,2353590.0,4189.0,154565.0,154565.0,4189.0,22970.0,4189.0
0,5,2354955.0,2354955.0,4189.0,154565.0,154565.0,4189.0,22977.0,4189.0
0,5,2377720.0,2377720.0,4189.0,154565.0,154565.0,4189.0,22984.0,4189.0
0,5,2350680.0,2350680.0,4189.0,154565.0,154565.0,4189.0,22991.0,4189.0
0,5,2342020.0,2342020.0,4189.0,154565.0,154565.0,4189.0,22998.0,4189.0
0,5,2358315.0,2358315.0,4189.0,154565.0,154565.0,4189.0,23005.0,4189.0
0,5,2370455.0,2370455.0,4189.0,154565.0,154565.0,4189.0,23012.0,4189.0
0,5,2315165.0,2315165.0,4189.0,154565.0,154565.0,4189.0,23019.0,4189.0
0,5,2422015.0,2422015.0,4189.0,154565.0,154565.0,4189.0,23026.0,4189.0
0,5,2368960.0,2368960.0,4189.0,154565.0,154565.0,4189.0,23033.0,4189.0
0,5,2395620.0,2395620.0,4189.0,154565.0,154565.0,4189.0,23040.0,4189.0
0,5,2415110.0,2415110.0,4189.0,154565.0,154565.0,4189.0,23047.0,4189.0
0,5,2421815.0,2421815.0,4189.0,154565.0,154565.0,4189.0,23054.0,4189.0
0,5,2332175.0,2332175.0,4189.0,154565.0,154565.0,4189.0,23061.0,4189.0
0,5,2343865.0,2343865.0,4189.0,154565.0,154565.0,4189.0,23068.0,4189.0
0,5,2369125.0,2369125.0,4189.0,154565.0,154565.0,4189.0,23075.0,4189.0
0,5,2332670.0,2332670.0,4189.0,154565.0,154565.0,4189.0,23082.0,4189.0
0,5,2390915.0,2390915.0,4189.0,154565.0,154565.0,4189.0,23089.0,4189.0
0,5,2353520.0,2353520.0,4189.0,154565.0,154565.0,4189.0,23096.0,4189.0
0,5,2400585.0,2400585.0,4189.0,154565.0,154565.0,4189.0,23103.0,4189.0
0,5,2396625.0,2396625.0,4189.0,154565.0,154565.0,4189.0,23110.0,4189.0
0,5,2382955.0,2382955.0,4189.0,154565.0,154565.0,4189.0,23117.0,4189.0
0,5,2360005.0,2360005.0,4189.0,154565.0,154565.0,4189.0,23124.0,4189.0
0,5,2367960.0,2367960.0,4189.0,154565.0,154565.0,4189.0,23131.0,4189.0
0,5,2353980.0,2353980.0,4189.0,154565.0,154565.0,4189.0,23138.0,4189.0
0,5,2412515.0,2412515.0,4189.0,154565.0,154565.0,4189.0,23145.0,4189.0
0,5,873365.0,873365.0,1980.0,71100.0,71100.0,1980.0,23152.0,1980.0
0,9,1250770.0,1250770.0,6727.0,213570.0,213570.0,6727.0,22704.0,6727.0
0,9,1132895.0,1132895.0,5929.0,182160.0,182160.0,5929.0,22711.0,5929.0
0,9,964595.0,964595.0,4866.0,152160.0,152160.0,4866.0,22718.0,4866.0
0,9,809720.0,809720.0,3953.0,124470.0,124470.0,3953.0,22725.0,3953.0
0,9,799170.0,799170.0,3760.0,121475.0,121475.0,3760.0,22732.0,3760.0
0,9,699860.0,699860.0,3391.0,106770.0,106770.0,3391.0,22739.0,3391.0
0,9,642445.0,642445.0,2973.0,96280.0,96280.0,2973.0,22746.0,2973.0
0,9,591785.0,591785.0,2718.0,89360.0,89360.0,2718.0,22753.0,2718.0
0,9,565305.0,565305.0,2689.0,86025.0,86025.0,2689.0,22760.0,2689.0
0,9,537145.0,537145.0,2470.0,78855.0,78855.0,2470.0,22767.0,2470.0
0,9,513200.0,513200.0,2242.0,69455.0,69455.0,2242.0,22774.0,2242.0
0,9,492520.0,492520.0,2293.0,72575.0,72575.0,2293.0,22781.0,2293.0
0,9,469310.0,469310.0,2197.0,69785.0,69785.0,2197.0,22788.0,2197.0
0,9,485090.0,485090.0,2288.0,74220.0,74220.0,2288.0,22795.0,2288.0
0,9,478170.0,478170.0,2249.0,71155.0,71155.0,2249.0,22802.0,2249.0
0,9,485950.0,485950.0,2237.0,73285.0,73285.0,2237.0,22809.0,2237.0
0,9,472980.0,472980.0,2218.0,71740.0,71740.0,2218.0,22816.0,2218.0
0,9,458030.0,458030.0,2082.0,68890.0,68890.0,2082.0,22823.0,2082.0
0,9,453860.0,453860.0,2187.0,69535.0,69535.0,2187.0,22830.0,2187.0
0,9,422275.0,422275.0,1914.0,65180.0,65180.0,1914.0,22837.0,1914.0
0,9,452065.0,452065.0,2027.0,67820.0,67820.0,2027.0,22844.0,2027.0
0,9,466035.0,466035.0,2156.0,70355.0,70355.0,2156.0,22851.0,2156.0
0,9,451785.0,451785.0,2109.0,67660.0,67660.0,2109.0,22858.0,2109.0
0,9,478290.0,478290.0,2246.0,72520.0,72520.0,2246.0,22865.0,2246.0
0,9,475775.0,475775.0,2210.0,70875.0,70875.0,2210.0,22872.0,2210.0
0,9,472330.0,472330.0,2193.0,70695.0,70695.0,2193.0,22879.0,2193.0
0,9,420420.0,420420.0,1965.0,64135.0,64135.0,1965.0,22886.0,1965.0
0,9,439260.0,439260.0,2131.0,69225.0,69225.0,2131.0,22893.0,2131.0
0,9,467240.0,467240.0,2247.0,72350.0,72350.0,2247.0,22900.0,2247.0
0,9,447990.0,447990.0,2206.0,71905.0,71905.0,2206.0,22907.0,2206.0
0,9,435760.0,435760.0,2070.0,69040.0,69040.0,2070.0,22914.0,2070.0
0,9,474330.0,474330.0,2200.0,70880.0,70880.0,2200.0,22921.0,2200.0
0,9,437905.0,437905.0,2058.0,67245.0,67245.0,2058.0,22928.0,2058.0
0,9,408580.0,408580.0,1978.0,63000.0,63000.0,1978.0,22935.0,1978.0
0,9,422355.0,422355.0,1943.0,63760.0,63760.0,1943.0,22942.0,1943.0
0,9,431750.0,431750.0,1978.0,65645.0,65645.0,1978.0,22949.0,1978.0
0,9,422580.0,422580.0,1929.0,62545.0,62545.0,1929.0,22956.0,1929.0
0,9,435100.0,435100.0,1979.0,64750.0,64750.0,1979.0,22963.0,1979.0
0,9,450230.0,450230.0,2195.0,72180.0,72180.0,2195.0,22970.0,2195.0
0,9,446435.0,446435.0,2075.0,68260.0,68260.0,2075.0,22977.0,2075.0
0,9,433690.0,433690.0,1986.0,62945.0,62945.0,1986.0,22984.0,1986.0
0,9,430605.0,430605.0,2165.0,71770.0,71770.0,2165.0,22991.0,2165.0
0,9,453745.0,453745.0,2163.0,70825.0,70825.0,2163.0,22998.0,2163.0
0,9,429555.0,429555.0,2037.0,65165.0,65165.0,2037.0,23005.0,2037.0
0,9,428330.0,428330.0,2048.0,66265.0,66265.0,2048.0,23012.0,2048.0
0,9,453865.0,453865.0,2193.0,70675.0,70675.0,2193.0,23019.0,2193.0
0,9,408920.0,408920.0,1905.0,63535.0,63535.0,1905.0,23026.0,1905.0
0,9,464970.0,464970.0,2185.0,71145.0,71145.0,2185.0,23033.0,2185.0
0,9,424800.0,424800.0,1983.0,65825.0,65825.0,1983.0,23040.0,1983.0
0,9,403430.0,403430.0,1857.0,60350.0,60350.0,1857.0,23047.0,1857.0
0,9,431430.0,431430.0,2001.0,65835.0,65835.0,2001.0,23054.0,2001.0
0,9,445120.0,445120.0,2127.0,69705.0,69705.0,2127.0,23061.0,2127.0
0,9,445050.0,445050.0,2057.0,66365.0,66365.0,2057.0,23068.0,2057.0
0,9,397685.0,397685.0,1940.0,64100.0,64100.0,1940.0,23075.0,1940.0
0,9,445990.0,445990.0,2175.0,70475.0,70475.0,2175.0,23082.0,2175.0
0,9,436295.0,436295.0,2109.0,68580.0,68580.0,2109.0,23089.0,2109.0
0,9,450090.0,450090.0,2194.0,68990.0,68990.0,2194.0,23096.0,2194.0
0,9,408810.0,408810.0,2025.0,66030.0,66030.0,2025.0,23103.0,2025.0
0,9,406235.0,406235.0,1990.0,63955.0,63955.0,1990.0,23110.0,1990.0
0,9,441910.0,441910.0,2060.0,68445.0,68445.0,2060.0,23117.0,2060.0
0,9,441380.0,441380.0,2066.0,67270.0,67270.0,2066.0,23124.0,2066.0
0,9,456275.0,456275.0,2175.0,70505.0,70505.0,2175.0,23131.0,2175.0
0,9,444485.0,444485.0,2104.0,69680.0,69680.0,2104.0,23138.0,2104.0
0,9,423970.0,423970.0,1984.0,65185.0,65185.0,1984.0,23145.0,1984.0
0,9,200310.0,200310.0,1211.0,37505.0,37505.0,1211.0,23152.0,1211.0
0,12,133620.0,133620.0,485.0,7330.0,7330.0,485.0,22704.0,485.0
0,12,423925.0,423925.0,804.0,11320.0,11320.0,804.0,22711.0,804.0
0,12,547625.0,547625.0,958.0,12645.0,12645.0,958.0,22718.0,958.0
0,12,693325.0,693325.0,1064.0,13705.0,13705.0,1064.0,22725.0,1064.0
0,12,715160.0,715160.0,1103.0,13860.0,13860.0,1103.0,22732.0,1103.0
0,12,770510.0,770510.0,1167.0,14495.0,14495.0,1167.0,22739.0,1167.0
0,12,801390.0,801390.0,1206.0,14945.0,14945.0,1206.0,22746.0,1206.0
0,12,843780.0,843780.0,1203.0,14660.0,14660.0,1203.0,22753.0,1203.0
0,12,848055.0,848055.0,1235.0,15395.0,15395.0,1235.0,22760.0,1235.0
0,12,858860.0,858860.0,1224.0,15095.0,15095.0,1224.0,22767.0,1224.0
0,12,876650.0,876650.0,1252.0,15740.0,15740.0,1252.0,22774.0,1252.0
0,12,868985.0,868985.0,1266.0,15795.0,15795.0,1266.0,22781.0,1266.0
0,12,869840.0,869840.0,1239.0,15125.0,15125.0,1239.0,22788.0,1239.0
0,12,849665.0,849665.0,1228.0,15340.0,15340.0,1228.0,22795.0,1228.0
0,12,868855.0,868855.0,1236.0,15125.0,15125.0,1236.0,22802.0,1236.0
0,12,872190.0,872190.0,1273.0,15665.0,15665.0,1273.0,22809.0,1273.0
0,12,918040.0,918040.0,1261.0,15855.0,15855.0,1261.0,22816.0,1261.0
0,12,895375.0,895375.0,1262.0,15035.0,15035.0,1262.0,22823.0,1262.0
0,12,885680.0,885680.0,1260.0,15705.0,15705.0,1260.0,22830.0,1260.0
0,12,971305.0,971305.0,1313.0,16225.0,16225.0,1313.0,22837.0,1313.0
0,12,943810.0,943810.0,1305.0,15855.0,15855.0,1305.0,22844.0,1305.0
0,12,902815.0,902815.0,1261.0,15560.0,15560.0,1261.0,22851.0,1261.0
0,12,911095.0,911095.0,1291.0,15865.0,15865.0,1291.0,22858.0,1291.0
0,12,880415.0,880415.0,1246.0,15295.0,15295.0,1246.0,22865.0,1246.0
0,12,879940.0,879940.0,1259.0,15600.0,15600.0,1259.0,22872.0,1259.0
0,12,911440.0,911440.0,1288.0,16120.0,16120.0,1288.0,22879.0,1288.0
0,12,940280.0,940280.0,1323.0,16545.0,16545.0,1323.0,22886.0,1323.0
0,12,909245.0,909245.0,1312.0,16675.0,16675.0,1312.0,22893.0,1312.0
0,12,869985.0,869985.0,1246.0,14930.0,14930.0,1246.0,22900.0,1246.0
0,12,878370.0,878370.0,1237.0,15155.0,15155.0,1237.0,22907.0,1237.0
0,12,922395.0,922395.0,1325.0,16980.0,16980.0,1325.0,22914.0,1325.0
0,12,875450.0,875450.0,1232.0,15090.0,15090.0,1232.0,22921.0,1232.0
0,12,896735.0,896735.0,1257.0,15580.0,15580.0,1257.0,22928.0,1257.0
0,12,930890.0,930890.0,1290.0,15855.0,15855.0,1290.0,22935.0,1290.0
0,12,915970.0,915970.0,1294.0,15815.0,15815.0,1294.0,22942.0,1294.0
0,12,903245.0,903245.0,1271.0,15610.0,15610.0,1271.0,22949.0,1271.0
0,12,921170.0,921170.0,1270.0,15515.0,15515.0,1270.0,22956.0,1270.0
0,12,914965.0,914965.0,1294.0,16370.0,16370.0,1294.0,22963.0,1294.0
0,12,900705.0,900705.0,1261.0,15120.0,15120.0,1261.0,22970.0,1261.0
0,12,896745.0,896745.0,1251.0,15405.0,15405.0,1251.0,22977.0,1251.0
0,12,935540.0,935540.0,1269.0,16045.0,16045.0,1269.0,22984.0,1269.0
0,12,921195.0,921195.0,1262.0,15770.0,15770.0,1262.0,22991.0,1262.0
0,12,876580.0,876580.0,1242.0,15865.0,15865.0,1242.0,22998.0,1242.0
0,12,905730.0,905730.0,1244.0,15210.0,15210.0,1244.0,23005.0,1244.0
0,12,902210.0,902210.0,1269.0,15905.0,15905.0,1269.0,23012.0,1269.0
0,12,888395.0,888395.0,1264.0,15765.0,15765.0,1264.0,23019.0,1264.0
0,12,931560.0,931560.0,1298.0,15875.0,15875.0,1298.0,23026.0,1298.0
0,12,898220.0,898220.0,1264.0,15525.0,15525.0,1264.0,23033.0,1264.0
0,12,907495.0,907495.0,1275.0,15620.0,15620.0,1275.0,23040.0,1275.0
0,12,930980.0,930980.0,1275.0,15770.0,15770.0,1275.0,23047.0,1275.0
0,12,886875.0,886875.0,1246.0,15485.0,15485.0,1246.0,23054.0,1246.0
0,12,910810.0,910810.0,1263.0,15530.0,15530.0,1263.0,23061.0,1263.0
0,12,944295.0,944295.0,1287.0,16210.0,16210.0,1287.0,23068.0,1287.0
0,12,959150.0,959150.0,1313.0,16105.0,16105.0,1313.0,23075.0,1313.0
0,12,903210.0,903210.0,1255.0,15805.0,15805.0,1255.0,23082.0,1255.0
0,12,890865.0,890865.0,1265.0,15615.0,15615.0,1265.0,23089.0,1265.0
0,12,869485.0,869485.0,1253.0,15340.0,15340.0,1253.0,23096.0,1253.0
0,12,916265.0,916265.0,1298.0,16210.0,16210.0,1298.0,23103.0,1298.0
0,12,908620.0,908620.0,1258.0,15770.0,15770.0,1258.0,23110.0,1258.0
0,12,905360.0,905360.0,1280.0,16005.0,16005.0,1280.0,23117.0,1280.0
0,12,899410.0,899410.0,1271.0,15845.0,15845.0,1271.0,23124.0,1271.0
0,12,887075.0,887075.0,1264.0,16030.0,16030.0,1264.0,23131.0,1264.0
0,12,904345.0,904345.0,1249.0,15755.0,15755.0,1249.0,23138.0,1249.0
0,12,936535.0,936535.0,1292.0,16170.0,16170.0,1292.0,23145.0,1292.0
0,12,346880.0,346880.0,528.0,6570.0,6570.0,528.0,23152.0,528.0
4,1,1036945.0,1036945.0,3325.0,121940.0,121940.0,3325.0,22704.0,3325.0
4,1,1480060.0,1480060.0,4190.0,154000.0,154000.0,4190.0,22711.0,4190.0
4,1,1483835.0,1483835.0,4190.0,154000.0,154000.0,4190.0,22718.0,4190.0
4,1,1479890.0,1479890.0,4190.0,154000.0,154000.0,4190.0,22725.0,4190.0
4,1,1479510.0,1479510.0,4190.0,154000.0,154000.0,4190.0,22732.0,4190.0
4,1,1476505.0,1476505.0,4189.0,153940.0,153940.0,4189.0,22739.0,4189.0
4,1,1477600.0,1477600.0,4189.0,154105.0,154105.0,4189.0,22746.0,4189.0
4,1,1481390.0,1481390.0,4189.0,154140.0,154140.0,4189.0,22753.0,4189.0
4,1,1480320.0,1480320.0,4189.0,154140.0,154140.0,4189.0,22760.0,4189.0
4,1,1476440.0,1476440.0,4189.0,154140.0,154140.0,4189.0,22767.0,4189.0
4,1,1484415.0,1484415.0,4189.0,154140.0,154140.0,4189.0,22774.0,4189.0
4,1,1480150.0,1480150.0,4189.0,154140.0,154140.0,4189.0,22781.0,4189.0
4,1,1482705.0,1482705.0,4189.0,154140.0,154140.0,4189.0,22788.0,4189.0
4,1,1481570.0,1481570.0,4189.0,154140.0,154140.0,4189.0,22795.0,4189.0
4,1,1484910.0,1484910.0,4189.0,154140.0,154140.0,4189.0,22802.0,4189.0
4,1,1484650.0,1484650.0,4189.0,154140.0,154140.0,4189.0,22809.0,4189.0
4,1,1478915.0,1478915.0,4189.0,154140.0,154140.0,4189.0,22816.0,4189.0
4,1,1479975.0,1479975.0,4189.0,154140.0,154140.0,4189.0,22823.0,4189.0
4,1,1481195.0,1481195.0,4189.0,154140.0,154140.0,4189.0,22830.0,4189.0
4,1,1482125.0,1482125.0,4189.0,154140.0,154140.0,4189.0,22837.0,4189.0
4,1,1473240.0,1473240.0,4189.0,154140.0,154140.0,4189.0,22844.0,4189.0
4,1,1481270.0,1481270.0,4189.0,154140.0,154140.0,4189.0,22851.0,4189.0
4,1,1479290.0,1479290.0,4189.0,154140.0,154140.0,4189.0,22858.0,4189.0
4,1,1475010.0,1475010.0,4189.0,154140.0,154140.0,4189.0,22865.0,4189.0
4,1,1480855.0,1480855.0,4189.0,154140.0,154140.0,4189.0,22872.0,4189.0
4,1,1478075.0,1478075.0,4189.0,154140.0,154140.0,4189.0,22879.0,4189.0
4,1,1481750.0,1481750.0,4189.0,154140.0,154140.0,4189.0,22886.0,4189.0
4,1,1476055.0,1476055.0,4189.0,154140.0,154140.0,4189.0,22893.0,4189.0
4,1,1482035.0,1482035.0,4189.0,154140.0,154140.0,4189.0,22900.0,4189.0
4,1,1479590.0,1479590.0,4189.0,154140.0,154140.0,4189.0,22907.0,4189.0
4,1,1484680.0,1484680.0,4189.0,154140.0,154140.0,4189.0,22914.0,4189.0
4,1,1477970.0,1477970.0,4189.0,154140.0,154140.0,4189.0,22921.0,4189.0
4,1,1476915.0,1476915.0,4189.0,154140.0,154140.0,4189.0,22928.0,4189.0
4,1,1479955.0,1479955.0,4189.0,154140.0,154140.0,4189.0,22935.0,4189.0
4,1,1481585.0,1481585.0,4189.0,154140.0,154140.0,4189.0,22942.0,4189.0
4,1,1481535.0,1481535.0,4189.0,154140.0,154140.0,4189.0,22949.0,4189.0
4,1,1477435.0,1477435.0,4189.0,154140.0,154140.0,4189.0,22956.0,4189.0
4,1,1477815.0,1477815.0,4189.0,154140.0,154140.0,4189.0,22963.0,4189.0
4,1,1476175.0,1476175.0,4189.0,154140.0,154140.0,4189.0,22970.0,4189.0
4,1,1479470.0,1479470.0,4189.0,154140.0,154140.0,4189.0,22977.0,4189.0
4,1,1481070.0,1481070.0,4189.0,154140.0,154140.0,4189.0,22984.0,4189.0
4,1,1484385.0,1484385.0,4189.0,154140.0,154140.0,4189.0,22991.0,4189.0
4,1,1471625.0,1471625.0,4189.0,154140.0,154140.0,4189.0,22998.0,4189.0
4,1,1478985.0,1478985.0,4189.0,154140.0,154140.0,4189.0,23005.0,4189.0
4,1,1473640.0,1473640.0,4189.0,154140.0,154140.0,4189.0,23012.0,4189.0
4,1,1477410.0,1477410.0,4189.0,154140.0,154140.0,4189.0,23019.0,4189.0
4,1,1479515.0,1479515.0,4189.0,154140.0,154140.0,4189.0,23026.0,4189.0
4,1,1478075.0,1478075.0,4189.0,154140.0,154140.0,4189.0,23033.0,4189.0
4,1,1481110.0,1481110.0,4189.0,154140.0,154140.0,4189.0,23040.0,4189.0
4,1,1476700.0,1476700.0,4189.0,154140.0,154140.0,4189.0,23047.0,4189.0
4,1,1481925.0,1481925.0,4189.0,154140.0,154140.0,4189.0,23054.0,4189.0
4,1,1480615.0,1480615.0,4189.0,154140.0,154140.0,4189.0,23061.0,4189.0
4,1,1480860.0,1480860.0,4189.0,154140.0,154140.0,4189.0,23068.0,4189.0
4,1,1478045.0,1478045.0,4189.0,154140.0,154140.0,4189.0,23075.0,4189.0
4,1,1483145.0,1483145.0,4189.0,154140.0,154140.0,4189.0,23082.0,4189.0
4,1,1478515.0,1478515.0,4189.0,154140.0,154140.0,4189.0,23089.0,4189.0
4,1,1472815.0,1472815.0,4189.0,154140.0,154140.0,4189.0,23096.0,4189.0
4,1,1479160.0,1479160.0,4189.0,154140.0,154140.0,4189.0,23103.0,4189.0
4,1,1481730.0,1481730.0,4189.0,154140.0,154140.0,4189.0,23110.0,4189.0
4,1,1475005.0,1475005.0,4189.0,154140.0,154140.0,4189.0,23117.0,4189.0
4,1,1480215.0,1480215.0,4189.0,154140.0,154140.0,4189.0,23124.0,4189.0
4,1,1476540.0,1476540.0,4189.0,154140.0,154140.0,4189.0,23131.0,4189.0
4,1,1478980.0,1478980.0,4189.0,154140.0,154140.0,4189.0,23138.0,4189.0
4,1,1473250.0,1473250.0,4189.0,154140.0,154140.0,4189.0,23145.0,4189.0
4,1,881435.0,881435.0,2502.0,92350.0,92350.0,2502.0,23152.0,2502.0
4,13,575455.0,575455.0,2983.0,24370.0,24370.0,2983.0,22704.0,2983.0
4,13,537080.0,537080.0,3298.0,26930.0,26930.0,3298.0,22711.0,3298.0
4,13,533310.0,533310.0,3289.0,26775.0,26775.0,3289.0,22718.0,3289.0
4,13,537280.0,537280.0,3300.0,26875.0,26875.0,3300.0,22725.0,3300.0
4,13,537685.0,537685.0,3304.0,26950.0,26950.0,3304.0,22732.0,3304.0
4,13,540185.0,540185.0,3308.0,26935.0,26935.0,3308.0,22739.0,3308.0
4,13,539070.0,539070.0,3304.0,26860.0,26860.0,3304.0,22746.0,3304.0
4,13,535280.0,535280.0,3293.0,26740.0,26740.0,3293.0,22753.0,3293.0
4,13,536350.0,536350.0,3298.0,26850.0,26850.0,3298.0,22760.0,3298.0
4,13,540275.0,540275.0,3313.0,26945.0,26945.0,3313.0,22767.0,3313.0
4,13,532255.0,532255.0,3292.0,26760.0,26760.0,3292.0,22774.0,3292.0
4,13,536545.0,536545.0,3302.0,26805.0,26805.0,3302.0,22781.0,3302.0
4,13,533990.0,533990.0,3302.0,26815.0,26815.0,3302.0,22788.0,3302.0
4,13,535130.0,535130.0,3297.0,26785.0,26785.0,3297.0,22795.0,3297.0
4,13,531790.0,531790.0,3296.0,26780.0,26780.0,3296.0,22802.0,3296.0
4,13,532035.0,532035.0,3293.0,26745.0,26745.0,3293.0,22809.0,3293.0
4,13,537790.0,537790.0,3302.0,26845.0,26845.0,3302.0,22816.0,3302.0
4,13,536710.0,536710.0,3308.0,26890.0,26890.0,3308.0,22823.0,3308.0
4,13,535480.0,535480.0,3299.0,26785.0,26785.0,3299.0,22830.0,3299.0
4,13,534560.0,534560.0,3295.0,26715.0,26715.0,3295.0,22837.0,3295.0
4,13,543470.0,543470.0,3317.0,27000.0,27000.0,3317.0,22844.0,3317.0
4,13,535420.0,535420.0,3303.0,26820.0,26820.0,3303.0,22851.0,3303.0
4,13,537405.0,537405.0,3304.0,26840.0,26840.0,3304.0,22858.0,3304.0
4,13,541695.0,541695.0,3313.0,26985.0,26985.0,3313.0,22865.0,3313.0
4,13,535865.0,535865.0,3302.0,26835.0,26835.0,3302.0,22872.0,3302.0
4,13,538610.0,538610.0,3309.0,26820.0,26820.0,3309.0,22879.0,3309.0
4,13,534970.0,534970.0,3307.0,26895.0,26895.0,3307.0,22886.0,3307.0
4,13,540625.0,540625.0,3311.0,26905.0,26905.0,3311.0,22893.0,3311.0
4,13,534630.0,534630.0,3296.0,26885.0,26885.0,3296.0,22900.0,3296.0
4,13,537090.0,537090.0,3314.0,26930.0,26930.0,3314.0,22907.0,3314.0
4,13,532010.0,532010.0,3292.0,26770.0,26770.0,3292.0,22914.0,3292.0
4,13,538720.0,538720.0,3304.0,26870.0,26870.0,3304.0,22921.0,3304.0
4,13,539785.0,539785.0,3309.0,26895.0,26895.0,3309.0,22928.0,3309.0
4,13,536720.0,536720.0,3307.0,26825.0,26825.0,3307.0,22935.0,3307.0
4,13,535085.0,535085.0,3294.0,26755.0,26755.0,3294.0,22942.0,3294.0
4,13,535155.0,535155.0,3298.0,26805.0,26805.0,3298.0,22949.0,3298.0
4,13,539235.0,539235.0,3307.0,26860.0,26860.0,3307.0,22956.0,3307.0
4,13,538880.0,538880.0,3309.0,26960.0,26960.0,3309.0,22963.0,3309.0
4,13,540530.0,540530.0,3308.0,26840.0,26840.0,3308.0,22970.0,3308.0
4,13,537235.0,537235.0,3304.0,26800.0,26800.0,3304.0,22977.0,3304.0
4,13,535610.0,535610.0,3302.0,26810.0,26810.0,3302.0,22984.0,3302.0
4,13,532330.0,532330.0,3300.0,26735.0,26735.0,3300.0,22991.0,3300.0
4,13,545115.0,545115.0,3326.0,26935.0,26935.0,3326.0,22998.0,3326.0
4,13,537695.0,537695.0,3303.0,26740.0,26740.0,3303.0,23005.0,3303.0
4,13,543060.0,543060.0,3315.0,26920.0,26920.0,3315.0,23012.0,3315.0
4,13,539275.0,539275.0,3311.0,26810.0,26810.0,3311.0,23019.0,3311.0
4,13,537165.0,537165.0,3306.0,26860.0,26860.0,3306.0,23026.0,3306.0
4,13,538625.0,538625.0,3308.0,26770.0,26770.0,3308.0,23033.0,3308.0
4,13,535590.0,535590.0,3303.0,26805.0,26805.0,3303.0,23040.0,3303.0
4,13,539985.0,539985.0,3316.0,26935.0,26935.0,3316.0,23047.0,3316.0
4,13,534760.0,534760.0,3303.0,26805.0,26805.0,3303.0,23054.0,3303.0
4,13,536085.0,536085.0,3309.0,26835.0,26835.0,3309.0,23061.0,3309.0
4,13,535840.0,535840.0,3305.0,26755.0,26755.0,3305.0,23068.0,3305.0
4,13,538640.0,538640.0,3311.0,26950.0,26950.0,3311.0,23075.0,3311.0
4,13,533515.0,533515.0,3296.0,26785.0,26785.0,3296.0,23082.0,3296.0
4,13,538180.0,538180.0,3309.0,26880.0,26880.0,3309.0,23089.0,3309.0
4,13,543890.0,543890.0,3321.0,26945.0,26945.0,3321.0,23096.0,3321.0
4,13,537545.0,537545.0,3308.0,26890.0,26890.0,3308.0,23103.0,3308.0
4,13,534960.0,534960.0,3300.0,26850.0,26850.0,3300.0,23110.0,3300.0
4,13,541710.0,541710.0,3312.0,26925.0,26925.0,3312.0,23117.0,3312.0
4,13,536470.0,536470.0,3304.0,26895.0,26895.0,3304.0,23124.0,3304.0
4,13,540165.0,540165.0,3315.0,27005.0,27005.0,3315.0,23131.0,3315.0
4,13,537695.0,537695.0,3312.0,26960.0,26960.0,3312.0,23138.0,3312.0
4,13,543455.0,543455.0,3321.0,27040.0,27040.0,3321.0,23145.0,3321.0
4,13,323110.0,323110.0,1986.0,16115.0,16115.0,1986.0,23152.0,1986.0
4,17,4115.0,4115.0,18.0,935.0,935.0,18.0,22704.0,18.0
8,2,546130.0,546130.0,6913.0,227495.0,227495.0,6913.0,22704.0,6913.0
8,2,473250.0,473250.0,5989.0,191220.0,191220.0,5989.0,22711.0,5989.0
8,2,393305.0,393305.0,4917.0,160120.0,160120.0,4917.0,22718.0,4917.0
8,2,321075.0,321075.0,4016.0,131380.0,131380.0,4016.0,22725.0,4016.0
8,2,299840.0,299840.0,3802.0,127310.0,127310.0,3802.0,22732.0,3802.0
8,2,274010.0,274010.0,3443.0,112440.0,112440.0,3443.0,22739.0,3443.0
8,2,239020.0,239020.0,3004.0,100955.0,100955.0,3004.0,22746.0,3004.0
8,2,219445.0,219445.0,2751.0,93910.0,93910.0,2751.0,22753.0,2751.0
8,2,216645.0,216645.0,2740.0,90875.0,90875.0,2740.0,22760.0,2740.0
8,2,199105.0,199105.0,2496.0,82580.0,82580.0,2496.0,22767.0,2496.0
8,2,182385.0,182385.0,2276.0,73550.0,73550.0,2276.0,22774.0,2276.0
8,2,184895.0,184895.0,2310.0,75690.0,75690.0,2310.0,22781.0,2310.0
8,2,175500.0,175500.0,2215.0,73295.0,73295.0,2215.0,22788.0,2215.0
8,2,183075.0,183075.0,2305.0,77595.0,77595.0,2305.0,22795.0,2305.0
8,2,184095.0,184095.0,2273.0,74410.0,74410.0,2273.0,22802.0,2273.0
8,2,178885.0,178885.0,2249.0,76880.0,76880.0,2249.0,22809.0,2249.0
8,2,180585.0,180585.0,2237.0,74945.0,74945.0,2237.0,22816.0,2237.0
8,2,167555.0,167555.0,2094.0,71685.0,71685.0,2094.0,22823.0,2094.0
8,2,175705.0,175705.0,2218.0,73020.0,73020.0,2218.0,22830.0,2218.0
8,2,152810.0,152810.0,1913.0,67450.0,67450.0,1913.0,22837.0,1913.0
8,2,162010.0,162010.0,2022.0,70030.0,70030.0,2022.0,22844.0,2022.0
8,2,171615.0,171615.0,2165.0,73125.0,73125.0,2165.0,22851.0,2165.0
8,2,169815.0,169815.0,2141.0,71440.0,71440.0,2141.0,22858.0,2141.0
8,2,182560.0,182560.0,2264.0,75605.0,75605.0,2264.0,22865.0,2264.0
8,2,178435.0,178435.0,2228.0,74315.0,74315.0,2228.0,22872.0,2228.0
8,2,177995.0,177995.0,2207.0,73980.0,73980.0,2207.0,22879.0,2207.0
8,2,158135.0,158135.0,1992.0,67405.0,67405.0,1992.0,22886.0,1992.0
8,2,172700.0,172700.0,2161.0,73010.0,73010.0,2161.0,22893.0,2161.0
8,2,181595.0,181595.0,2257.0,75370.0,75370.0,2257.0,22900.0,2257.0
8,2,176530.0,176530.0,2234.0,75570.0,75570.0,2234.0,22907.0,2234.0
8,2,166255.0,166255.0,2083.0,72205.0,72205.0,2083.0,22914.0,2083.0
8,2,178750.0,178750.0,2230.0,74275.0,74275.0,2230.0,22921.0,2230.0
8,2,164085.0,164085.0,2071.0,69925.0,69925.0,2071.0,22928.0,2071.0
8,2,158930.0,158930.0,1988.0,65230.0,65230.0,1988.0,22935.0,1988.0
8,2,155900.0,155900.0,1949.0,66060.0,66060.0,1949.0,22942.0,1949.0
8,2,160290.0,160290.0,1987.0,68560.0,68560.0,1987.0,22949.0,1987.0
8,2,154395.0,154395.0,1940.0,65330.0,65330.0,1940.0,22956.0,1940.0
8,2,156840.0,156840.0,1977.0,67185.0,67185.0,1977.0,22963.0,1977.0
8,2,173780.0,173780.0,2214.0,75435.0,75435.0,2214.0,22970.0,2214.0
8,2,167300.0,167300.0,2101.0,71985.0,71985.0,2101.0,22977.0,2101.0
8,2,159165.0,159165.0,1995.0,65945.0,65945.0,1995.0,22984.0,1995.0
8,2,174875.0,174875.0,2191.0,75070.0,75070.0,2191.0,22991.0,2191.0
8,2,173275.0,173275.0,2188.0,73915.0,73915.0,2188.0,22998.0,2188.0
8,2,166405.0,166405.0,2059.0,68040.0,68040.0,2059.0,23005.0,2059.0
8,2,168340.0,168340.0,2078.0,69965.0,69965.0,2078.0,23012.0,2078.0
8,2,175325.0,175325.0,2214.0,74215.0,74215.0,2214.0,23019.0,2214.0
8,2,153735.0,153735.0,1915.0,65990.0,65990.0,1915.0,23026.0,1915.0
8,2,175750.0,175750.0,2182.0,73740.0,73740.0,2182.0,23033.0,2182.0
8,2,157665.0,157665.0,1992.0,68865.0,68865.0,1992.0,23040.0,1992.0
8,2,150625.0,150625.0,1863.0,62510.0,62510.0,1863.0,23047.0,1863.0
8,2,157665.0,157665.0,2008.0,68450.0,68450.0,2008.0,23054.0,2008.0
8,2,168310.0,168310.0,2140.0,72615.0,72615.0,2140.0,23061.0,2140.0
8,2,163160.0,163160.0,2070.0,69040.0,69040.0,2070.0,23068.0,2070.0
8,2,154175.0,154175.0,1949.0,66540.0,66540.0,1949.0,23075.0,1949.0
8,2,175160.0,175160.0,2204.0,74240.0,74240.0,2204.0,23082.0,2204.0
8,2,168935.0,168935.0,2126.0,71540.0,71540.0,2126.0,23089.0,2126.0
8,2,176415.0,176415.0,2217.0,72235.0,72235.0,2217.0,23096.0,2217.0
8,2,162015.0,162015.0,2034.0,68830.0,68830.0,2034.0,23103.0,2034.0
8,2,158245.0,158245.0,2005.0,66595.0,66595.0,2005.0,23110.0,2005.0
8,2,164135.0,164135.0,2075.0,71460.0,71460.0,2075.0,23117.0,2075.0
8,2,163865.0,163865.0,2069.0,70530.0,70530.0,2069.0,23124.0,2069.0
8,2,174860.0,174860.0,2203.0,74140.0,74140.0,2203.0,23131.0,2203.0
8,2,168100.0,168100.0,2125.0,72985.0,72985.0,2125.0,23138.0,2125.0
8,2,156510.0,156510.0,1992.0,68255.0,68255.0,1992.0,23145.0,1992.0
8,2,103030.0,103030.0,1287.0,42325.0,42325.0,1287.0,23152.0,1287.0
8,14,17645.0,17645.0,909.0,9810.0,9810.0,909.0,22704.0,909.0
8,14,14395.0,14395.0,737.0,8230.0,8230.0,737.0,22711.0,737.0
8,14,11195.0,11195.0,573.0,6165.0,6165.0,573.0,22718.0,573.0
8,14,9370.0,9370.0,479.0,5415.0,5415.0,479.0,22725.0,479.0
8,14,9875.0,9875.0,505.0,5605.0,5605.0,505.0,22732.0,505.0
8,14,8395.0,8395.0,434.0,4830.0,4830.0,434.0,22739.0,434.0
8,14,7030.0,7030.0,364.0,4195.0,4195.0,364.0,22746.0,364.0
8,14,6390.0,6390.0,333.0,3885.0,3885.0,333.0,22753.0,333.0
8,14,6650.0,6650.0,339.0,3975.0,3975.0,339.0,22760.0,339.0
8,14,6010.0,6010.0,312.0,3580.0,3580.0,312.0,22767.0,312.0
8,14,5030.0,5030.0,259.0,2950.0,2950.0,259.0,22774.0,259.0
8,14,5070.0,5070.0,261.0,2910.0,2910.0,261.0,22781.0,261.0
8,14,5050.0,5050.0,258.0,2955.0,2955.0,258.0,22788.0,258.0
8,14,5155.0,5155.0,270.0,3145.0,3145.0,270.0,22795.0,270.0
8,14,5235.0,5235.0,274.0,3180.0,3180.0,274.0,22802.0,274.0
8,14,4895.0,4895.0,259.0,2930.0,2930.0,259.0,22809.0,259.0
8,14,5245.0,5245.0,269.0,3085.0,3085.0,269.0,22816.0,269.0
8,14,4740.0,4740.0,244.0,2815.0,2815.0,244.0,22823.0,244.0
8,14,4990.0,4990.0,258.0,2915.0,2915.0,258.0,22830.0,258.0
8,14,4420.0,4420.0,230.0,2665.0,2665.0,230.0,22837.0,230.0
8,14,4620.0,4620.0,237.0,2675.0,2675.0,237.0,22844.0,237.0
8,14,5020.0,5020.0,260.0,2815.0,2815.0,260.0,22851.0,260.0
8,14,5275.0,5275.0,270.0,3085.0,3085.0,270.0,22858.0,270.0
8,14,4925.0,4925.0,254.0,2855.0,2855.0,254.0,22865.0,254.0
8,14,5215.0,5215.0,266.0,2925.0,2925.0,266.0,22872.0,266.0
8,14,5080.0,5080.0,261.0,2915.0,2915.0,261.0,22879.0,261.0
8,14,4515.0,4515.0,233.0,2525.0,2525.0,233.0,22886.0,233.0
8,14,4450.0,4450.0,226.0,2735.0,2735.0,226.0,22893.0,226.0
8,14,5055.0,5055.0,258.0,2775.0,2775.0,258.0,22900.0,258.0
8,14,4625.0,4625.0,234.0,2610.0,2610.0,234.0,22907.0,234.0
8,14,4885.0,4885.0,251.0,2880.0,2880.0,251.0,22914.0,251.0
8,14,5040.0,5040.0,260.0,2915.0,2915.0,260.0,22921.0,260.0
8,14,5085.0,5085.0,262.0,2955.0,2955.0,262.0,22928.0,262.0
8,14,4420.0,4420.0,226.0,2695.0,2695.0,226.0,22935.0,226.0
8,14,4745.0,4745.0,241.0,2750.0,2750.0,241.0,22942.0,241.0
8,14,4525.0,4525.0,231.0,2690.0,2690.0,231.0,22949.0,231.0
8,14,4460.0,4460.0,227.0,2535.0,2535.0,227.0,22956.0,227.0
8,14,4325.0,4325.0,221.0,2540.0,2540.0,221.0,22963.0,221.0
8,14,5415.0,5415.0,281.0,3145.0,3145.0,281.0,22970.0,281.0
8,14,4715.0,4715.0,242.0,2680.0,2680.0,242.0,22977.0,242.0
8,14,4725.0,4725.0,243.0,2670.0,2670.0,243.0,22984.0,243.0
8,14,5020.0,5020.0,258.0,2915.0,2915.0,258.0,22991.0,258.0
8,14,4850.0,4850.0,246.0,2860.0,2860.0,246.0,22998.0,246.0
8,14,4705.0,4705.0,240.0,2710.0,2710.0,240.0,23005.0,240.0
8,14,4935.0,4935.0,261.0,3095.0,3095.0,261.0,23012.0,261.0
8,14,4965.0,4965.0,252.0,2885.0,2885.0,252.0,23019.0,252.0
8,14,3785.0,3785.0,193.0,2305.0,2305.0,193.0,23026.0,193.0
8,14,4680.0,4680.0,243.0,2455.0,2455.0,243.0,23033.0,243.0
8,14,4475.0,4475.0,228.0,2455.0,2455.0,228.0,23040.0,228.0
8,14,4055.0,4055.0,207.0,2490.0,2490.0,207.0,23047.0,207.0
8,14,4465.0,4465.0,231.0,2740.0,2740.0,231.0,23054.0,231.0
8,14,5075.0,5075.0,260.0,2765.0,2765.0,260.0,23061.0,260.0
8,14,4725.0,4725.0,241.0,2565.0,2565.0,241.0,23068.0,241.0
8,14,4755.0,4755.0,241.0,2780.0,2780.0,241.0,23075.0,241.0
8,14,4980.0,4980.0,255.0,2995.0,2995.0,255.0,23082.0,255.0
8,14,4645.0,4645.0,239.0,2670.0,2670.0,239.0,23089.0,239.0
8,14,5100.0,5100.0,265.0,3030.0,3030.0,265.0,23096.0,265.0
8,14,4880.0,4880.0,250.0,2695.0,2695.0,250.0,23103.0,250.0
8,14,4850.0,4850.0,249.0,2715.0,2715.0,249.0,23110.0,249.0
8,14,4920.0,4920.0,251.0,2885.0,2885.0,251.0,23117.0,251.0
8,14,4900.0,4900.0,255.0,2765.0,2765.0,255.0,23124.0,255.0
8,14,4895.0,4895.0,256.0,2910.0,2910.0,256.0,23131.0,256.0
8,14,4945.0,4945.0,253.0,2825.0,2825.0,253.0,23138.0,253.0
8,14,4580.0,4580.0,232.0,2665.0,2665.0,232.0,23145.0,232.0
8,14,2900.0,2900.0,147.0,1575.0,1575.0,147.0,23152.0,147.0
11,3,8785.0,8785.0,443.0,5990.0,5990.0,443.0,22704.0,443.0
11,3,14850.0,14850.0,755.0,9625.0,9625.0,755.0,22711.0,755.0
11,3,17955.0,17955.0,917.0,11860.0,11860.0,917.0,22718.0,917.0
11,3,20130.0,20130.0,1032.0,13530.0,13530.0,1032.0,22725.0,1032.0
11,3,21075.0,21075.0,1077.0,13920.0,13920.0,1077.0,22732.0,1077.0
11,3,22160.0,22160.0,1137.0,14475.0,14475.0,1137.0,22739.0,1137.0
11,3,23130.0,23130.0,1183.0,15195.0,15195.0,1183.0,22746.0,1183.0
11,3,23150.0,23150.0,1181.0,15060.0,15060.0,1181.0,22753.0,1181.0
11,3,23635.0,23635.0,1210.0,16000.0,16000.0,1210.0,22760.0,1210.0
11,3,23685.0,23685.0,1208.0,15610.0,15610.0,1208.0,22767.0,1208.0
11,3,23960.0,23960.0,1228.0,15855.0,15855.0,1228.0,22774.0,1228.0
11,3,24460.0,24460.0,1252.0,16435.0,16435.0,1252.0,22781.0,1252.0
11,3,23990.0,23990.0,1231.0,16105.0,16105.0,1231.0,22788.0,1231.0
11,3,23705.0,23705.0,1212.0,15895.0,15895.0,1212.0,22795.0,1212.0
11,3,23720.0,23720.0,1219.0,15840.0,15840.0,1219.0,22802.0,1219.0
11,3,24590.0,24590.0,1260.0,16385.0,16385.0,1260.0,22809.0,1260.0
11,3,24085.0,24085.0,1241.0,16320.0,16320.0,1241.0,22816.0,1241.0
11,3,24355.0,24355.0,1251.0,15890.0,15890.0,1251.0,22823.0,1251.0
11,3,24265.0,24265.0,1240.0,16180.0,16180.0,1240.0,22830.0,1240.0
11,3,25310.0,25310.0,1293.0,16790.0,16790.0,1293.0,22837.0,1293.0
11,3,24980.0,24980.0,1282.0,16450.0,16450.0,1282.0,22844.0,1282.0
11,3,24225.0,24225.0,1244.0,16155.0,16155.0,1244.0,22851.0,1244.0
11,3,24765.0,24765.0,1269.0,16380.0,16380.0,1269.0,22858.0,1269.0
11,3,24065.0,24065.0,1230.0,15945.0,15945.0,1230.0,22865.0,1230.0
11,3,24210.0,24210.0,1243.0,16115.0,16115.0,1243.0,22872.0,1243.0
11,3,24825.0,24825.0,1266.0,16390.0,16390.0,1266.0,22879.0,1266.0
11,3,25400.0,25400.0,1298.0,16980.0,16980.0,1298.0,22886.0,1298.0
11,3,25115.0,25115.0,1288.0,16885.0,16885.0,1288.0,22893.0,1288.0
11,3,24095.0,24095.0,1232.0,15595.0,15595.0,1232.0,22900.0,1232.0
11,3,23585.0,23585.0,1214.0,15685.0,15685.0,1214.0,22907.0,1214.0
11,3,25595.0,25595.0,1308.0,17555.0,17555.0,1308.0,22914.0,1308.0
11,3,23810.0,23810.0,1220.0,15940.0,15940.0,1220.0,22921.0,1220.0
11,3,24120.0,24120.0,1239.0,16180.0,16180.0,1239.0,22928.0,1239.0
11,3,25070.0,25070.0,1284.0,16705.0,16705.0,1284.0,22935.0,1284.0
11,3,24935.0,24935.0,1281.0,16605.0,16605.0,1281.0,22942.0,1281.0
11,3,24555.0,24555.0,1253.0,16365.0,16365.0,1253.0,22949.0,1253.0
11,3,24565.0,24565.0,1259.0,16415.0,16415.0,1259.0,22956.0,1259.0
11,3,24965.0,24965.0,1281.0,17030.0,17030.0,1281.0,22963.0,1281.0
11,3,24285.0,24285.0,1251.0,15940.0,15940.0,1251.0,22970.0,1251.0
11,3,24235.0,24235.0,1238.0,15955.0,15955.0,1238.0,22977.0,1238.0
11,3,24365.0,24365.0,1256.0,16555.0,16555.0,1256.0,22984.0,1256.0
11,3,24285.0,24285.0,1244.0,16350.0,16350.0,1244.0,22991.0,1244.0
11,3,23615.0,23615.0,1211.0,15885.0,15885.0,1211.0,22998.0,1211.0
11,3,24040.0,24040.0,1231.0,16070.0,16070.0,1231.0,23005.0,1231.0
11,3,24180.0,24180.0,1247.0,16165.0,16165.0,1247.0,23012.0,1247.0
11,3,24205.0,24205.0,1245.0,16365.0,16365.0,1245.0,23019.0,1245.0
11,3,25070.0,25070.0,1282.0,16665.0,16665.0,1282.0,23026.0,1282.0
11,3,24565.0,24565.0,1252.0,16315.0,16315.0,1252.0,23033.0,1252.0
11,3,24520.0,24520.0,1258.0,16100.0,16100.0,1258.0,23040.0,1258.0
11,3,24660.0,24660.0,1263.0,16685.0,16685.0,1263.0,23047.0,1263.0
11,3,24145.0,24145.0,1231.0,16225.0,16225.0,1231.0,23054.0,1231.0
11,3,24355.0,24355.0,1250.0,16225.0,16225.0,1250.0,23061.0,1250.0
11,3,24810.0,24810.0,1268.0,16605.0,16605.0,1268.0,23068.0,1268.0
11,3,25450.0,25450.0,1298.0,17025.0,17025.0,1298.0,23075.0,1298.0
11,3,24090.0,24090.0,1238.0,16395.0,16395.0,1238.0,23082.0,1238.0
11,3,24340.0,24340.0,1250.0,16375.0,16375.0,1250.0,23089.0,1250.0
11,3,24185.0,24185.0,1241.0,16035.0,16035.0,1241.0,23096.0,1241.0
11,3,25045.0,25045.0,1284.0,16695.0,16695.0,1284.0,23103.0,1284.0
11,3,24130.0,24130.0,1243.0,16475.0,16475.0,1243.0,23110.0,1243.0
11,3,24635.0,24635.0,1259.0,16440.0,16440.0,1259.0,23117.0,1259.0
11,3,24580.0,24580.0,1256.0,16415.0,16415.0,1256.0,23124.0,1256.0
11,3,24190.0,24190.0,1241.0,16460.0,16460.0,1241.0,23131.0,1241.0
11,3,24085.0,24085.0,1236.0,16450.0,16450.0,1236.0,23138.0,1236.0
11,3,24940.0,24940.0,1274.0,16690.0,16690.0,1274.0,23145.0,1274.0
11,3,14300.0,14300.0,736.0,9640.0,9640.0,736.0,23152.0,736.0
11,6,59360.0,59360.0,2968.0,27115.0,27115.0,2968.0,22704.0,2968.0
11,6,65960.0,65960.0,3298.0,30345.0,30345.0,3298.0,22711.0,3298.0
11,6,65780.0,65780.0,3289.0,30210.0,30210.0,3289.0,22718.0,3289.0
11,6,66000.0,66000.0,3300.0,30320.0,30320.0,3300.0,22725.0,3300.0
11,6,66080.0,66080.0,3304.0,30425.0,30425.0,3304.0,22732.0,3304.0
11,6,66160.0,66160.0,3308.0,30380.0,30380.0,3308.0,22739.0,3308.0
11,6,66080.0,66080.0,3304.0,30295.0,30295.0,3304.0,22746.0,3304.0
11,6,65860.0,65860.0,3293.0,30170.0,30170.0,3293.0,22753.0,3293.0
11,6,65960.0,65960.0,3298.0,30290.0,30290.0,3298.0,22760.0,3298.0
11,6,66260.0,66260.0,3313.0,30420.0,30420.0,3313.0,22767.0,3313.0
11,6,65840.0,65840.0,3292.0,30200.0,30200.0,3292.0,22774.0,3292.0
11,6,66040.0,66040.0,3302.0,30255.0,30255.0,3302.0,22781.0,3302.0
11,6,66040.0,66040.0,3302.0,30265.0,30265.0,3302.0,22788.0,3302.0
11,6,65940.0,65940.0,3297.0,30250.0,30250.0,3297.0,22795.0,3297.0
11,6,65920.0,65920.0,3296.0,30235.0,30235.0,3296.0,22802.0,3296.0
11,6,65860.0,65860.0,3293.0,30185.0,30185.0,3293.0,22809.0,3293.0
11,6,66040.0,66040.0,3302.0,30305.0,30305.0,3302.0,22816.0,3302.0
11,6,66160.0,66160.0,3308.0,30335.0,30335.0,3308.0,22823.0,3308.0
11,6,65980.0,65980.0,3299.0,30215.0,30215.0,3299.0,22830.0,3299.0
11,6,65900.0,65900.0,3295.0,30160.0,30160.0,3295.0,22837.0,3295.0
11,6,66340.0,66340.0,3317.0,30470.0,30470.0,3317.0,22844.0,3317.0
11,6,66060.0,66060.0,3303.0,30265.0,30265.0,3303.0,22851.0,3303.0
11,6,66080.0,66080.0,3304.0,30295.0,30295.0,3304.0,22858.0,3304.0
11,6,66260.0,66260.0,3313.0,30455.0,30455.0,3313.0,22865.0,3313.0
11,6,66040.0,66040.0,3302.0,30310.0,30310.0,3302.0,22872.0,3302.0
11,6,66180.0,66180.0,3309.0,30260.0,30260.0,3309.0,22879.0,3309.0
11,6,66140.0,66140.0,3307.0,30370.0,30370.0,3307.0,22886.0,3307.0
11,6,66220.0,66220.0,3311.0,30355.0,30355.0,3311.0,22893.0,3311.0
11,6,65920.0,65920.0,3296.0,30310.0,30310.0,3296.0,22900.0,3296.0
11,6,66280.0,66280.0,3314.0,30360.0,30360.0,3314.0,22907.0,3314.0
11,6,65840.0,65840.0,3292.0,30215.0,30215.0,3292.0,22914.0,3292.0
11,6,66080.0,66080.0,3304.0,30320.0,30320.0,3304.0,22921.0,3304.0
11,6,66180.0,66180.0,3309.0,30350.0,30350.0,3309.0,22928.0,3309.0
11,6,66140.0,66140.0,3307.0,30255.0,30255.0,3307.0,22935.0,3307.0
11,6,65880.0,65880.0,3294.0,30185.0,30185.0,3294.0,22942.0,3294.0
11,6,65960.0,65960.0,3298.0,30250.0,30250.0,3298.0,22949.0,3298.0
11,6,66140.0,66140.0,3307.0,30290.0,30290.0,3307.0,22956.0,3307.0
11,6,66180.0,66180.0,3309.0,30410.0,30410.0,3309.0,22963.0,3309.0
11,6,66160.0,66160.0,3308.0,30310.0,30310.0,3308.0,22970.0,3308.0
11,6,66080.0,66080.0,3304.0,30255.0,30255.0,3304.0,22977.0,3304.0
11,6,66040.0,66040.0,3302.0,30245.0,30245.0,3302.0,22984.0,3302.0
11,6,66000.0,66000.0,3300.0,30205.0,30205.0,3300.0,22991.0,3300.0
11,6,66520.0,66520.0,3326.0,30430.0,30430.0,3326.0,22998.0,3326.0
11,6,66060.0,66060.0,3303.0,30180.0,30180.0,3303.0,23005.0,3303.0
11,6,66300.0,66300.0,3315.0,30380.0,30380.0,3315.0,23012.0,3315.0
11,6,66220.0,66220.0,3311.0,30250.0,30250.0,3311.0,23019.0,3311.0
11,6,66120.0,66120.0,3306.0,30300.0,30300.0,3306.0,23026.0,3306.0
11,6,66160.0,66160.0,3308.0,30225.0,30225.0,3308.0,23033.0,3308.0
11,6,66060.0,66060.0,3303.0,30255.0,30255.0,3303.0,23040.0,3303.0
11,6,66320.0,66320.0,3316.0,30375.0,30375.0,3316.0,23047.0,3316.0
11,6,66060.0,66060.0,3303.0,30245.0,30245.0,3303.0,23054.0,3303.0
11,6,66180.0,66180.0,3309.0,30295.0,30295.0,3309.0,23061.0,3309.0
11,6,66100.0,66100.0,3305.0,30205.0,30205.0,3305.0,23068.0,3305.0
11,6,66220.0,66220.0,3311.0,30385.0,30385.0,3311.0,23075.0,3311.0
11,6,65920.0,65920.0,3296.0,30205.0,30205.0,3296.0,23082.0,3296.0
11,6,66180.0,66180.0,3309.0,30330.0,30330.0,3309.0,23089.0,3309.0
11,6,66420.0,66420.0,3321.0,30405.0,30405.0,3321.0,23096.0,3321.0
11,6,66160.0,66160.0,3308.0,30345.0,30345.0,3308.0,23103.0,3308.0
11,6,66000.0,66000.0,3300.0,30300.0,30300.0,3300.0,23110.0,3300.0
11,6,66240.0,66240.0,3312.0,30400.0,30400.0,3312.0,23117.0,3312.0
11,6,66080.0,66080.0,3304.0,30335.0,30335.0,3304.0,23124.0,3304.0
11,6,66300.0,66300.0,3315.0,30470.0,30470.0,3315.0,23131.0,3315.0
11,6,66240.0,66240.0,3312.0,30395.0,30395.0,3312.0,23138.0,3312.0
11,6,66420.0,66420.0,3321.0,30505.0,30505.0,3321.0,23145.0,3321.0
11,6,39720.0,39720.0,1986.0,18190.0,18190.0,1986.0,23152.0,1986.0
11,10,18595.0,18595.0,953.0,10780.0,10780.0,953.0,22704.0,953.0
11,10,15115.0,15115.0,783.0,9130.0,9130.0,783.0,22711.0,783.0
11,10,11790.0,11790.0,613.0,6875.0,6875.0,613.0,22718.0,613.0
11,10,9810.0,9810.0,509.0,5975.0,5975.0,509.0,22725.0,509.0
11,10,10325.0,10325.0,530.0,6100.0,6100.0,530.0,22732.0,530.0
11,10,8950.0,8950.0,466.0,5300.0,5300.0,466.0,22739.0,466.0
11,10,7500.0,7500.0,388.0,4605.0,4605.0,388.0,22746.0,388.0
11,10,6795.0,6795.0,351.0,4270.0,4270.0,351.0,22753.0,351.0
11,10,7035.0,7035.0,363.0,4440.0,4440.0,363.0,22760.0,363.0
11,10,6475.0,6475.0,332.0,3950.0,3950.0,332.0,22767.0,332.0
11,10,5335.0,5335.0,282.0,3375.0,3375.0,282.0,22774.0,282.0
11,10,5355.0,5355.0,275.0,3205.0,3205.0,275.0,22781.0,275.0
11,10,5285.0,5285.0,270.0,3180.0,3180.0,270.0,22788.0,270.0
11,10,5570.0,5570.0,287.0,3400.0,3400.0,287.0,22795.0,287.0
11,10,5595.0,5595.0,287.0,3400.0,3400.0,287.0,22802.0,287.0
11,10,5265.0,5265.0,271.0,3170.0,3170.0,271.0,22809.0,271.0
11,10,5545.0,5545.0,283.0,3375.0,3375.0,283.0,22816.0,283.0
11,10,5005.0,5005.0,256.0,3040.0,3040.0,256.0,22823.0,256.0
11,10,5370.0,5370.0,277.0,3240.0,3240.0,277.0,22830.0,277.0
11,10,4815.0,4815.0,248.0,2980.0,2980.0,248.0,22837.0,248.0
11,10,4940.0,4940.0,257.0,3035.0,3035.0,257.0,22844.0,257.0
11,10,5300.0,5300.0,275.0,3100.0,3100.0,275.0,22851.0,275.0
11,10,5610.0,5610.0,292.0,3480.0,3480.0,292.0,22858.0,292.0
11,10,5205.0,5205.0,270.0,3160.0,3160.0,270.0,22865.0,270.0
11,10,5480.0,5480.0,282.0,3230.0,3230.0,282.0,22872.0,282.0
11,10,5450.0,5450.0,283.0,3300.0,3300.0,283.0,22879.0,283.0
11,10,4840.0,4840.0,252.0,2820.0,2820.0,252.0,22886.0,252.0
11,10,4690.0,4690.0,248.0,3165.0,3165.0,248.0,22893.0,248.0
11,10,5325.0,5325.0,276.0,3125.0,3125.0,276.0,22900.0,276.0
11,10,4955.0,4955.0,258.0,2970.0,2970.0,258.0,22907.0,258.0
11,10,5110.0,5110.0,264.0,3155.0,3155.0,264.0,22914.0,264.0
11,10,5300.0,5300.0,272.0,3195.0,3195.0,272.0,22921.0,272.0
11,10,5385.0,5385.0,276.0,3245.0,3245.0,276.0,22928.0,276.0
11,10,4590.0,4590.0,235.0,2875.0,2875.0,235.0,22935.0,235.0
11,10,4895.0,4895.0,250.0,2995.0,2995.0,250.0,22942.0,250.0
11,10,4755.0,4755.0,246.0,2925.0,2925.0,246.0,22949.0,246.0
11,10,4705.0,4705.0,240.0,2775.0,2775.0,240.0,22956.0,240.0
11,10,4530.0,4530.0,235.0,2795.0,2795.0,235.0,22963.0,235.0
11,10,5705.0,5705.0,290.0,3340.0,3340.0,290.0,22970.0,290.0
11,10,4970.0,4970.0,255.0,2975.0,2975.0,255.0,22977.0,255.0
11,10,5030.0,5030.0,257.0,3000.0,3000.0,257.0,22984.0,257.0
11,10,5355.0,5355.0,274.0,3240.0,3240.0,274.0,22991.0,274.0
11,10,5240.0,5240.0,276.0,3310.0,3310.0,276.0,22998.0,276.0
11,10,4920.0,4920.0,253.0,3015.0,3015.0,253.0,23005.0,253.0
11,10,5430.0,5430.0,283.0,3445.0,3445.0,283.0,23012.0,283.0
11,10,5215.0,5215.0,271.0,3205.0,3205.0,271.0,23019.0,271.0
11,10,3975.0,3975.0,207.0,2550.0,2550.0,207.0,23026.0,207.0
11,10,4960.0,4960.0,256.0,2775.0,2775.0,256.0,23033.0,256.0
11,10,4695.0,4695.0,242.0,2760.0,2760.0,242.0,23040.0,242.0
11,10,4240.0,4240.0,219.0,2725.0,2725.0,219.0,23047.0,219.0
11,10,4715.0,4715.0,243.0,2965.0,2965.0,243.0,23054.0,243.0
11,10,5400.0,5400.0,277.0,3125.0,3125.0,277.0,23061.0,277.0
11,10,4965.0,4965.0,257.0,2850.0,2850.0,257.0,23068.0,257.0
11,10,4995.0,4995.0,257.0,3075.0,3075.0,257.0,23075.0,257.0
11,10,5255.0,5255.0,270.0,3305.0,3305.0,270.0,23082.0,270.0
11,10,4905.0,4905.0,252.0,2920.0,2920.0,252.0,23089.0,252.0
11,10,5425.0,5425.0,278.0,3310.0,3310.0,278.0,23096.0,278.0
11,10,5155.0,5155.0,266.0,3055.0,3055.0,266.0,23103.0,266.0
11,10,5080.0,5080.0,262.0,3035.0,3035.0,262.0,23110.0,262.0
11,10,5155.0,5155.0,267.0,3180.0,3180.0,267.0,23117.0,267.0
11,10,5195.0,5195.0,268.0,3080.0,3080.0,268.0,23124.0,268.0
11,10,5270.0,5270.0,275.0,3255.0,3255.0,275.0,23131.0,275.0
11,10,5165.0,5165.0,265.0,3110.0,3110.0,265.0,23138.0,265.0
11,10,4760.0,4760.0,249.0,2985.0,2985.0,249.0,23145.0,249.0
11,10,2995.0,2995.0,156.0,1735.0,1735.0,156.0,23152.0,156.0
11,18,455.0,455.0,34.0,470.0,470.0,34.0,22704.0,34.0
16,7,5805.0,5805.0,22.0,640.0,640.0,22.0,22704.0,22.0
16,15,12265.0,12265.0,19.0,250.0,250.0,19.0,22704.0,19.0
0,5,613925.0,613925.0,3336.0,122720.0,122720.0,3336.0,22704.0,3336.0
